Age,Renumeration,Spending Score,Loyalty Points,product,Ranking,Product,Platform,Year,North America Sales,European Sales,Global Sales
18.0,12.3,39.0,210.0,453.0,,,,,,,
23.0,12.3,81.0,524.0,466.0,,,,,,,
22.0,13.12,6.0,40.0,254.0,,,,,,,
25.0,13.12,77.0,562.0,263.0,,,,,,,
33.0,13.94,40.0,366.0,291.0,,,,,,,
24.0,13.94,76.0,573.0,977.0,,,,,,,
37.0,14.76,6.0,61.0,979.0,,,,,,,
25.0,14.76,94.0,772.0,1012.0,,,,,,,
66.0,15.58,3.0,31.0,1031.0,,,,,,,
32.0,15.58,72.0,724.0,1459.0,,,,,,,
69.0,15.58,14.0,138.0,1463.0,,,,,,,
37.0,15.58,99.0,1067.0,1473.0,,,,,,,
57.0,16.4,15.0,179.0,1497.0,,,,,,,
26.0,16.4,77.0,721.0,1501.0,,,,,,,
39.0,16.4,13.0,150.0,1506.0,,,,,,,
24.0,16.4,79.0,701.0,123.0,,,,,,,
37.0,17.22,35.0,417.0,486.0,,,,,,,
22.0,17.22,66.0,579.0,830.0,,,,,,,
51.0,18.86,29.0,406.0,1175.0,,,,,,,
37.0,18.86,98.0,1278.0,1183.0,,,,,,,
37.0,19.68,35.0,476.0,1212.0,,,,,,,
27.0,19.68,73.0,840.0,1241.0,,,,,,,
44.0,20.5,5.0,75.0,1307.0,,,,,,,
33.0,20.5,73.0,982.0,535.0,,,,,,,
53.0,22.96,14.0,238.0,577.0,,,,,,,
29.0,22.96,82.0,1150.0,618.0,,,,,,,
43.0,22.96,32.0,534.0,624.0,,,,,,,
37.0,22.96,61.0,969.0,760.0,,,,,,,
38.0,23.78,31.0,515.0,231.0,,,,,,,
25.0,23.78,87.0,1151.0,2139.0,,,,,,,
62.0,24.6,4.0,69.0,2162.0,,,,,,,
23.0,24.6,73.0,944.0,2173.0,,,,,,,
52.0,27.06,4.0,80.0,2253.0,,,,,,,
17.0,27.06,92.0,1042.0,2261.0,,,,,,,
49.0,27.06,14.0,281.0,1940.0,,,,,,,
23.0,27.06,81.0,1152.0,1945.0,,,,,,,
40.0,27.88,17.0,338.0,1970.0,,,,,,,
32.0,27.88,73.0,1314.0,2793.0,,,,,,,
38.0,30.34,26.0,551.0,195.0,,,,,,,
22.0,30.34,75.0,1159.0,107.0,,,,,,,
67.0,31.16,35.0,715.0,811.0,,,,,,,
26.0,31.16,92.0,1637.0,2814.0,,,,,,,
46.0,31.98,36.0,849.0,2829.0,,,,,,,
33.0,31.98,61.0,1280.0,629.0,,,,,,,
49.0,31.98,28.0,664.0,3645.0,,,,,,,
26.0,31.98,65.0,1187.0,3657.0,,,,,,,
49.0,32.8,55.0,1338.0,3667.0,,,,,,,
29.0,32.8,47.0,942.0,3678.0,,,,,,,
29.0,32.8,42.0,842.0,2079.0,,,,,,,
33.0,32.8,42.0,904.0,2114.0,,,,,,,
49.0,34.44,52.0,1328.0,2130.0,,,,,,,
35.0,34.44,60.0,1395.0,3865.0,,,,,,,
33.0,35.26,54.0,1249.0,3878.0,,,,,,,
58.0,35.26,60.0,1529.0,3885.0,,,,,,,
49.0,35.26,45.0,1177.0,3887.0,,,,,,,
45.0,35.26,41.0,1062.0,3896.0,,,,,,,
50.0,36.08,50.0,1338.0,3955.0,,,,,,,
71.0,36.08,46.0,1014.0,3967.0,,,,,,,
29.0,37.72,51.0,1175.0,405.0,,,,,,,
52.0,37.72,46.0,1285.0,615.0,,,,,,,
72.0,37.72,56.0,1264.0,876.0,,,,,,,
18.0,37.72,55.0,909.0,4459.0,,,,,,,
69.0,38.54,52.0,1272.0,999.0,,,,,,,
53.0,38.54,59.0,1681.0,815.0,,,,,,,
65.0,39.36,51.0,1355.0,326.0,,,,,,,
19.0,39.36,59.0,1060.0,6215.0,,,,,,,
41.0,39.36,50.0,1413.0,6233.0,,,,,,,
70.0,39.36,48.0,1177.0,978.0,,,,,,,
18.0,39.36,59.0,1017.0,9507.0,,,,,,,
34.0,39.36,47.0,1232.0,9529.0,,,,,,,
72.0,40.18,55.0,1322.0,9530.0,,,,,,,
45.0,40.18,42.0,1239.0,9560.0,,,,,,,
62.0,41.0,49.0,1404.0,9595.0,,,,,,,
62.0,41.0,56.0,1605.0,9596.0,,,,,,,
58.0,44.28,47.0,1504.0,9597.0,,,,,,,
28.0,44.28,54.0,1430.0,9612.0,,,,,,,
43.0,44.28,53.0,1707.0,9635.0,,,,,,,
38.0,44.28,48.0,1486.0,1577.0,,,,,,,
25.0,44.28,52.0,1281.0,1581.0,,,,,,,
49.0,44.28,42.0,1379.0,1592.0,,,,,,,
56.0,44.28,51.0,1651.0,1618.0,,,,,,,
38.0,44.28,55.0,1703.0,249.0,,,,,,,
69.0,44.28,41.0,1152.0,518.0,,,,,,,
44.0,44.28,44.0,1424.0,2521.0,,,,,,,
23.0,44.28,57.0,1326.0,930.0,,,,,,,
46.0,44.28,46.0,1501.0,399.0,,,,,,,
54.0,46.74,58.0,1998.0,504.0,,,,,,,
24.0,46.74,55.0,1391.0,948.0,,,,,,,
36.0,47.56,60.0,1951.0,4452.0,,,,,,,
49.0,47.56,46.0,1622.0,6646.0,,,,,,,
70.0,48.38,55.0,1658.0,6678.0,,,,,,,
17.0,48.38,41.0,830.0,6694.0,,,,,,,
46.0,49.2,49.0,1777.0,6715.0,,,,,,,
38.0,49.2,40.0,1376.0,6720.0,,,,,,,
34.0,49.2,42.0,1376.0,6721.0,,,,,,,
26.0,49.2,52.0,1461.0,6770.0,,,,,,,
45.0,49.2,47.0,1698.0,6815.0,,,,,,,
29.0,49.2,50.0,1503.0,3427.0,,,,,,,
46.0,50.02,42.0,1548.0,3436.0,,,,,,,
22.0,50.02,49.0,1248.0,3478.0,,,,,,,
25.0,50.84,41.0,1160.0,3498.0,,,,,,,
49.0,50.84,48.0,1809.0,3524.0,,,,,,,
69.0,50.84,59.0,1904.0,3525.0,,,,,,,
28.0,50.84,55.0,1673.0,3547.0,,,,,,,
49.0,50.84,56.0,2111.0,3619.0,,,,,,,
23.0,50.84,42.0,1122.0,3629.0,,,,,,,
68.0,51.66,50.0,1668.0,6424.0,,,,,,,
53.0,51.66,46.0,1756.0,3165.0,,,,,,,
70.0,51.66,43.0,1384.0,9875.0,,,,,,,
68.0,51.66,48.0,1601.0,515.0,,,,,,,
67.0,51.66,52.0,1762.0,283.0,,,,,,,
18.0,51.66,54.0,1222.0,2285.0,,,,,,,
38.0,52.48,42.0,1541.0,2286.0,,,,,,,
18.0,52.48,46.0,1057.0,2296.0,,,,,,,
17.0,53.3,48.0,1071.0,2324.0,,,,,,,
18.0,53.3,50.0,1167.0,2326.0,,,,,,,
65.0,53.3,43.0,1547.0,2371.0,,,,,,,
49.0,53.3,59.0,2332.0,2387.0,,,,,,,
50.0,54.94,43.0,1752.0,2404.0,,,,,,,
49.0,54.94,57.0,2322.0,5429.0,,,,,,,
29.0,54.94,56.0,1880.0,5430.0,,,,,,,
38.0,54.94,40.0,1536.0,5453.0,,,,,,,
38.0,56.58,58.0,2294.0,5493.0,,,,,,,
39.0,56.58,91.0,3634.0,5510.0,,,,,,,
25.0,57.4,29.0,926.0,5512.0,,,,,,,
33.0,57.4,77.0,2900.0,8235.0,,,,,,,
41.0,58.22,35.0,1463.0,8275.0,,,,,,,
38.0,58.22,95.0,3866.0,2849.0,,,,,,,
58.0,58.22,11.0,463.0,2870.0,,,,,,,
38.0,58.22,75.0,3052.0,2874.0,,,,,,,
45.0,58.22,9.0,385.0,2877.0,,,,,,,
39.0,58.22,75.0,3082.0,2457.0,,,,,,,
27.0,59.04,34.0,1174.0,2495.0,,,,,,,
33.0,59.04,71.0,2750.0,2518.0,,,,,,,
22.0,59.86,5.0,152.0,10196.0,,,,,,,
29.0,59.86,88.0,3218.0,10232.0,,,,,,,
42.0,59.86,7.0,303.0,10240.0,,,,,,,
34.0,59.86,73.0,2910.0,10241.0,,,,,,,
18.0,60.68,10.0,266.0,10270.0,,,,,,,
37.0,60.68,72.0,3022.0,10281.0,,,,,,,
56.0,61.5,5.0,225.0,4470.0,,,,,,,
34.0,61.5,93.0,3808.0,4477.0,,,,,,,
32.0,62.32,40.0,1609.0,4491.0,,,,,,,
34.0,62.32,87.0,3610.0,2795.0,,,,,,,
27.0,63.14,12.0,443.0,2807.0,,,,,,,
32.0,63.14,97.0,3954.0,2811.0,,,,,,,
46.0,63.14,36.0,1675.0,7373.0,,,,,,,
34.0,63.14,74.0,3111.0,7381.0,,,,,,,
36.0,63.96,22.0,962.0,7384.0,,,,,,,
36.0,63.96,90.0,3935.0,7532.0,,,,,,,
41.0,63.96,17.0,780.0,7533.0,,,,,,,
39.0,63.96,88.0,3973.0,7573.0,,,,,,,
42.0,63.96,20.0,925.0,7600.0,,,,,,,
38.0,63.96,76.0,3398.0,4619.0,,,,,,,
45.0,63.96,16.0,752.0,4673.0,,,,,,,
29.0,63.96,89.0,3478.0,4692.0,,,,,,,
39.0,63.96,1.0,45.0,4702.0,,,,,,,
32.0,63.96,78.0,3221.0,4712.0,,,,,,,
36.0,63.96,1.0,44.0,6271.0,,,,,,,
32.0,63.96,73.0,3015.0,6287.0,,,,,,,
55.0,64.78,35.0,1665.0,6310.0,,,,,,,
29.0,64.78,83.0,3285.0,10995.0,,,,,,,
18.0,66.42,5.0,145.0,11003.0,,,,,,,
33.0,66.42,93.0,4052.0,11004.0,,,,,,,
49.0,69.7,26.0,1344.0,11025.0,,,,,,,
38.0,69.7,75.0,3654.0,11056.0,,,,,,,
40.0,70.52,20.0,1004.0,11084.0,,,,,,,
35.0,70.52,95.0,4522.0,11086.0,,,,,,,
38.0,71.34,27.0,1347.0,3153.0,,,,,,,
34.0,71.34,63.0,2993.0,3158.0,,,,,,,
38.0,71.34,13.0,648.0,3267.0,,,,,,,
32.0,71.34,75.0,3455.0,3277.0,,,,,,,
38.0,71.34,10.0,499.0,5726.0,,,,,,,
38.0,71.34,92.0,4588.0,5740.0,,,,,,,
51.0,72.16,13.0,696.0,5758.0,,,,,,,
32.0,72.16,86.0,4007.0,7042.0,,,,,,,
57.0,72.16,15.0,787.0,7101.0,,,,,,,
29.0,72.16,69.0,3042.0,7141.0,,,,,,,
58.0,76.26,14.0,772.0,7143.0,,,,,,,
37.0,76.26,90.0,4747.0,6431.0,,,,,,,
39.0,79.54,32.0,1797.0,6466.0,,,,,,,
34.0,79.54,86.0,4555.0,6471.0,,,,,,,
44.0,80.36,15.0,881.0,6504.0,,,,,,,
29.0,80.36,88.0,4320.0,6507.0,,,,,,,
39.0,81.18,39.0,2235.0,3403.0,,,,,,,
32.0,81.18,97.0,5084.0,4390.0,,,,,,,
53.0,82.82,24.0,1469.0,4399.0,,,,,,,
32.0,82.82,68.0,3636.0,4405.0,,,,,,,
39.0,84.46,17.0,1014.0,4415.0,,,,,,,
38.0,84.46,85.0,5019.0,3112.0,,,,,,,
36.0,84.46,23.0,1328.0,8923.0,,,,,,,
34.0,84.46,69.0,3880.0,8933.0,,,,,,,
35.0,92.66,8.0,500.0,8962.0,,,,,,,
38.0,92.66,91.0,5895.0,9064.0,,,,,,,
45.0,98.4,16.0,1156.0,9080.0,,,,,,,
37.0,98.4,79.0,5377.0,9119.0,,,,,,,
43.0,103.32,28.0,2104.0,9150.0,,,,,,,
34.0,103.32,74.0,5091.0,4047.0,,,,,,,
34.0,112.34,18.0,1346.0,4065.0,,,,,,,
32.0,112.34,83.0,6020.0,3711.0,,,,,,,
18.0,12.3,39.0,210.0,466.0,,,,,,,
23.0,12.3,81.0,524.0,254.0,,,,,,,
22.0,13.12,6.0,40.0,263.0,,,,,,,
25.0,13.12,77.0,562.0,291.0,,,,,,,
33.0,13.94,40.0,366.0,977.0,,,,,,,
24.0,13.94,76.0,573.0,979.0,,,,,,,
37.0,14.76,6.0,61.0,1012.0,,,,,,,
25.0,14.76,94.0,772.0,1031.0,,,,,,,
66.0,15.58,3.0,31.0,1459.0,,,,,,,
32.0,15.58,72.0,724.0,1463.0,,,,,,,
69.0,15.58,14.0,138.0,1473.0,,,,,,,
37.0,15.58,99.0,1067.0,1497.0,,,,,,,
57.0,16.4,15.0,179.0,1501.0,,,,,,,
26.0,16.4,77.0,721.0,1506.0,,,,,,,
39.0,16.4,13.0,150.0,123.0,,,,,,,
24.0,16.4,79.0,701.0,486.0,,,,,,,
37.0,17.22,35.0,417.0,830.0,,,,,,,
22.0,17.22,66.0,579.0,1175.0,,,,,,,
51.0,18.86,29.0,406.0,1183.0,,,,,,,
37.0,18.86,98.0,1278.0,1212.0,,,,,,,
37.0,19.68,35.0,476.0,1241.0,,,,,,,
27.0,19.68,73.0,840.0,1307.0,,,,,,,
44.0,20.5,5.0,75.0,535.0,,,,,,,
33.0,20.5,73.0,982.0,577.0,,,,,,,
53.0,22.96,14.0,238.0,618.0,,,,,,,
29.0,22.96,82.0,1150.0,624.0,,,,,,,
43.0,22.96,32.0,534.0,760.0,,,,,,,
37.0,22.96,61.0,969.0,231.0,,,,,,,
38.0,23.78,31.0,515.0,2139.0,,,,,,,
25.0,23.78,87.0,1151.0,2162.0,,,,,,,
62.0,24.6,4.0,69.0,2173.0,,,,,,,
23.0,24.6,73.0,944.0,2253.0,,,,,,,
52.0,27.06,4.0,80.0,2261.0,,,,,,,
17.0,27.06,92.0,1042.0,1940.0,,,,,,,
49.0,27.06,14.0,281.0,1945.0,,,,,,,
23.0,27.06,81.0,1152.0,1970.0,,,,,,,
40.0,27.88,17.0,338.0,2793.0,,,,,,,
32.0,27.88,73.0,1314.0,195.0,,,,,,,
38.0,30.34,26.0,551.0,107.0,,,,,,,
22.0,30.34,75.0,1159.0,811.0,,,,,,,
67.0,31.16,35.0,715.0,2814.0,,,,,,,
26.0,31.16,92.0,1637.0,2829.0,,,,,,,
46.0,31.98,36.0,849.0,629.0,,,,,,,
33.0,31.98,61.0,1280.0,3645.0,,,,,,,
49.0,31.98,28.0,664.0,3657.0,,,,,,,
26.0,31.98,65.0,1187.0,3667.0,,,,,,,
49.0,32.8,55.0,1338.0,3678.0,,,,,,,
29.0,32.8,47.0,942.0,2079.0,,,,,,,
29.0,32.8,42.0,842.0,2114.0,,,,,,,
33.0,32.8,42.0,904.0,2130.0,,,,,,,
49.0,34.44,52.0,1328.0,3865.0,,,,,,,
35.0,34.44,60.0,1395.0,3878.0,,,,,,,
33.0,35.26,54.0,1249.0,3885.0,,,,,,,
58.0,35.26,60.0,1529.0,3887.0,,,,,,,
49.0,35.26,45.0,1177.0,3896.0,,,,,,,
45.0,35.26,41.0,1062.0,3955.0,,,,,,,
50.0,36.08,50.0,1338.0,3967.0,,,,,,,
71.0,36.08,46.0,1014.0,405.0,,,,,,,
29.0,37.72,51.0,1175.0,615.0,,,,,,,
52.0,37.72,46.0,1285.0,876.0,,,,,,,
72.0,37.72,56.0,1264.0,4459.0,,,,,,,
18.0,37.72,55.0,909.0,999.0,,,,,,,
69.0,38.54,52.0,1272.0,815.0,,,,,,,
53.0,38.54,59.0,1681.0,326.0,,,,,,,
65.0,39.36,51.0,1355.0,6215.0,,,,,,,
19.0,39.36,59.0,1060.0,6233.0,,,,,,,
41.0,39.36,50.0,1413.0,978.0,,,,,,,
70.0,39.36,48.0,1177.0,9507.0,,,,,,,
18.0,39.36,59.0,1017.0,9529.0,,,,,,,
34.0,39.36,47.0,1232.0,9530.0,,,,,,,
72.0,40.18,55.0,1322.0,9560.0,,,,,,,
45.0,40.18,42.0,1239.0,9595.0,,,,,,,
62.0,41.0,49.0,1404.0,9596.0,,,,,,,
62.0,41.0,56.0,1605.0,9597.0,,,,,,,
58.0,44.28,47.0,1504.0,9612.0,,,,,,,
28.0,44.28,54.0,1430.0,9635.0,,,,,,,
43.0,44.28,53.0,1707.0,1577.0,,,,,,,
38.0,44.28,48.0,1486.0,1581.0,,,,,,,
25.0,44.28,52.0,1281.0,1592.0,,,,,,,
49.0,44.28,42.0,1379.0,1618.0,,,,,,,
56.0,44.28,51.0,1651.0,249.0,,,,,,,
38.0,44.28,55.0,1703.0,518.0,,,,,,,
69.0,44.28,41.0,1152.0,2521.0,,,,,,,
44.0,44.28,44.0,1424.0,930.0,,,,,,,
23.0,44.28,57.0,1326.0,399.0,,,,,,,
46.0,44.28,46.0,1501.0,504.0,,,,,,,
54.0,46.74,58.0,1998.0,948.0,,,,,,,
24.0,46.74,55.0,1391.0,4452.0,,,,,,,
36.0,47.56,60.0,1951.0,6646.0,,,,,,,
49.0,47.56,46.0,1622.0,6678.0,,,,,,,
70.0,48.38,55.0,1658.0,6694.0,,,,,,,
17.0,48.38,41.0,830.0,6715.0,,,,,,,
46.0,49.2,49.0,1777.0,6720.0,,,,,,,
38.0,49.2,40.0,1376.0,6721.0,,,,,,,
34.0,49.2,42.0,1376.0,6770.0,,,,,,,
26.0,49.2,52.0,1461.0,6815.0,,,,,,,
45.0,49.2,47.0,1698.0,3427.0,,,,,,,
29.0,49.2,50.0,1503.0,3436.0,,,,,,,
46.0,50.02,42.0,1548.0,3478.0,,,,,,,
22.0,50.02,49.0,1248.0,3498.0,,,,,,,
25.0,50.84,41.0,1160.0,3524.0,,,,,,,
49.0,50.84,48.0,1809.0,3525.0,,,,,,,
69.0,50.84,59.0,1904.0,3547.0,,,,,,,
28.0,50.84,55.0,1673.0,3619.0,,,,,,,
49.0,50.84,56.0,2111.0,3629.0,,,,,,,
23.0,50.84,42.0,1122.0,6424.0,,,,,,,
68.0,51.66,50.0,1668.0,3165.0,,,,,,,
53.0,51.66,46.0,1756.0,9875.0,,,,,,,
70.0,51.66,43.0,1384.0,515.0,,,,,,,
68.0,51.66,48.0,1601.0,283.0,,,,,,,
67.0,51.66,52.0,1762.0,2285.0,,,,,,,
18.0,51.66,54.0,1222.0,2286.0,,,,,,,
38.0,52.48,42.0,1541.0,2296.0,,,,,,,
18.0,52.48,46.0,1057.0,2324.0,,,,,,,
17.0,53.3,48.0,1071.0,2326.0,,,,,,,
18.0,53.3,50.0,1167.0,2371.0,,,,,,,
65.0,53.3,43.0,1547.0,2387.0,,,,,,,
49.0,53.3,59.0,2332.0,2404.0,,,,,,,
50.0,54.94,43.0,1752.0,5429.0,,,,,,,
49.0,54.94,57.0,2322.0,5430.0,,,,,,,
29.0,54.94,56.0,1880.0,5453.0,,,,,,,
38.0,54.94,40.0,1536.0,5493.0,,,,,,,
38.0,56.58,58.0,2294.0,5510.0,,,,,,,
39.0,56.58,91.0,3634.0,5512.0,,,,,,,
25.0,57.4,29.0,926.0,8235.0,,,,,,,
33.0,57.4,77.0,2900.0,8275.0,,,,,,,
41.0,58.22,35.0,1463.0,2849.0,,,,,,,
38.0,58.22,95.0,3866.0,2870.0,,,,,,,
58.0,58.22,11.0,463.0,2874.0,,,,,,,
38.0,58.22,75.0,3052.0,2877.0,,,,,,,
45.0,58.22,9.0,385.0,2457.0,,,,,,,
39.0,58.22,75.0,3082.0,2495.0,,,,,,,
27.0,59.04,34.0,1174.0,2518.0,,,,,,,
33.0,59.04,71.0,2750.0,10196.0,,,,,,,
22.0,59.86,5.0,152.0,10232.0,,,,,,,
29.0,59.86,88.0,3218.0,10240.0,,,,,,,
42.0,59.86,7.0,303.0,10241.0,,,,,,,
34.0,59.86,73.0,2910.0,10270.0,,,,,,,
18.0,60.68,10.0,266.0,10281.0,,,,,,,
37.0,60.68,72.0,3022.0,4470.0,,,,,,,
56.0,61.5,5.0,225.0,4477.0,,,,,,,
34.0,61.5,93.0,3808.0,4491.0,,,,,,,
32.0,62.32,40.0,1609.0,2795.0,,,,,,,
34.0,62.32,87.0,3610.0,2807.0,,,,,,,
27.0,63.14,12.0,443.0,2811.0,,,,,,,
32.0,63.14,97.0,3954.0,7373.0,,,,,,,
46.0,63.14,36.0,1675.0,7381.0,,,,,,,
34.0,63.14,74.0,3111.0,7384.0,,,,,,,
36.0,63.96,22.0,962.0,7532.0,,,,,,,
36.0,63.96,90.0,3935.0,7533.0,,,,,,,
41.0,63.96,17.0,780.0,7573.0,,,,,,,
39.0,63.96,88.0,3973.0,7600.0,,,,,,,
42.0,63.96,20.0,925.0,4619.0,,,,,,,
38.0,63.96,76.0,3398.0,4673.0,,,,,,,
45.0,63.96,16.0,752.0,4692.0,,,,,,,
29.0,63.96,89.0,3478.0,4702.0,,,,,,,
39.0,63.96,1.0,45.0,4712.0,,,,,,,
32.0,63.96,78.0,3221.0,6271.0,,,,,,,
36.0,63.96,1.0,44.0,6287.0,,,,,,,
32.0,63.96,73.0,3015.0,6310.0,,,,,,,
55.0,64.78,35.0,1665.0,10995.0,,,,,,,
29.0,64.78,83.0,3285.0,11003.0,,,,,,,
18.0,66.42,5.0,145.0,11004.0,,,,,,,
33.0,66.42,93.0,4052.0,11025.0,,,,,,,
49.0,69.7,26.0,1344.0,11056.0,,,,,,,
38.0,69.7,75.0,3654.0,11084.0,,,,,,,
40.0,70.52,20.0,1004.0,11086.0,,,,,,,
35.0,70.52,95.0,4522.0,3153.0,,,,,,,
38.0,71.34,27.0,1347.0,3158.0,,,,,,,
34.0,71.34,63.0,2993.0,3267.0,,,,,,,
38.0,71.34,13.0,648.0,3277.0,,,,,,,
32.0,71.34,75.0,3455.0,5726.0,,,,,,,
38.0,71.34,10.0,499.0,5740.0,,,,,,,
38.0,71.34,92.0,4588.0,5758.0,,,,,,,
51.0,72.16,13.0,696.0,7042.0,,,,,,,
32.0,72.16,86.0,4007.0,7101.0,,,,,,,
57.0,72.16,15.0,787.0,7141.0,,,,,,,
29.0,72.16,69.0,3042.0,7143.0,,,,,,,
58.0,76.26,14.0,772.0,6431.0,,,,,,,
37.0,76.26,90.0,4747.0,6466.0,,,,,,,
39.0,79.54,32.0,1797.0,6471.0,,,,,,,
34.0,79.54,86.0,4555.0,6504.0,,,,,,,
44.0,80.36,15.0,881.0,6507.0,,,,,,,
29.0,80.36,88.0,4320.0,3403.0,,,,,,,
39.0,81.18,39.0,2235.0,4390.0,,,,,,,
32.0,81.18,97.0,5084.0,4399.0,,,,,,,
53.0,82.82,24.0,1469.0,4405.0,,,,,,,
32.0,82.82,68.0,3636.0,4415.0,,,,,,,
39.0,84.46,17.0,1014.0,3112.0,,,,,,,
38.0,84.46,85.0,5019.0,8923.0,,,,,,,
36.0,84.46,23.0,1328.0,8933.0,,,,,,,
34.0,84.46,69.0,3880.0,8962.0,,,,,,,
35.0,92.66,8.0,500.0,9064.0,,,,,,,
38.0,92.66,91.0,5895.0,9080.0,,,,,,,
45.0,98.4,16.0,1156.0,9119.0,,,,,,,
37.0,98.4,79.0,5377.0,9150.0,,,,,,,
43.0,103.32,28.0,2104.0,4047.0,,,,,,,
34.0,103.32,74.0,5091.0,4065.0,,,,,,,
34.0,112.34,18.0,1346.0,3711.0,,,,,,,
32.0,112.34,83.0,6020.0,453.0,,,,,,,
18.0,12.3,39.0,210.0,466.0,,,,,,,
23.0,12.3,81.0,524.0,254.0,,,,,,,
22.0,13.12,6.0,40.0,263.0,,,,,,,
25.0,13.12,77.0,562.0,291.0,,,,,,,
33.0,13.94,40.0,366.0,977.0,,,,,,,
24.0,13.94,76.0,573.0,979.0,,,,,,,
37.0,14.76,6.0,61.0,1012.0,,,,,,,
25.0,14.76,94.0,772.0,1031.0,,,,,,,
66.0,15.58,3.0,31.0,1459.0,,,,,,,
32.0,15.58,72.0,724.0,1463.0,,,,,,,
69.0,15.58,14.0,138.0,1473.0,,,,,,,
37.0,15.58,99.0,1067.0,1497.0,,,,,,,
57.0,16.4,15.0,179.0,1501.0,,,,,,,
26.0,16.4,77.0,721.0,1506.0,,,,,,,
39.0,16.4,13.0,150.0,123.0,,,,,,,
24.0,16.4,79.0,701.0,486.0,,,,,,,
37.0,17.22,35.0,417.0,830.0,,,,,,,
22.0,17.22,66.0,579.0,1175.0,,,,,,,
51.0,18.86,29.0,406.0,1183.0,,,,,,,
37.0,18.86,98.0,1278.0,1212.0,,,,,,,
37.0,19.68,35.0,476.0,1241.0,,,,,,,
27.0,19.68,73.0,840.0,1307.0,,,,,,,
44.0,20.5,5.0,75.0,535.0,,,,,,,
33.0,20.5,73.0,982.0,577.0,,,,,,,
53.0,22.96,14.0,238.0,618.0,,,,,,,
29.0,22.96,82.0,1150.0,624.0,,,,,,,
43.0,22.96,32.0,534.0,760.0,,,,,,,
37.0,22.96,61.0,969.0,231.0,,,,,,,
38.0,23.78,31.0,515.0,2139.0,,,,,,,
25.0,23.78,87.0,1151.0,2162.0,,,,,,,
62.0,24.6,4.0,69.0,2173.0,,,,,,,
23.0,24.6,73.0,944.0,2253.0,,,,,,,
52.0,27.06,4.0,80.0,2261.0,,,,,,,
17.0,27.06,92.0,1042.0,1940.0,,,,,,,
49.0,27.06,14.0,281.0,1945.0,,,,,,,
23.0,27.06,81.0,1152.0,1970.0,,,,,,,
40.0,27.88,17.0,338.0,2793.0,,,,,,,
32.0,27.88,73.0,1314.0,195.0,,,,,,,
38.0,30.34,26.0,551.0,107.0,,,,,,,
22.0,30.34,75.0,1159.0,811.0,,,,,,,
67.0,31.16,35.0,715.0,2814.0,,,,,,,
26.0,31.16,92.0,1637.0,2829.0,,,,,,,
46.0,31.98,36.0,849.0,629.0,,,,,,,
33.0,31.98,61.0,1280.0,3645.0,,,,,,,
49.0,31.98,28.0,664.0,3657.0,,,,,,,
26.0,31.98,65.0,1187.0,3667.0,,,,,,,
49.0,32.8,55.0,1338.0,3678.0,,,,,,,
29.0,32.8,47.0,942.0,2079.0,,,,,,,
29.0,32.8,42.0,842.0,2114.0,,,,,,,
33.0,32.8,42.0,904.0,2130.0,,,,,,,
49.0,34.44,52.0,1328.0,3865.0,,,,,,,
35.0,34.44,60.0,1395.0,3878.0,,,,,,,
33.0,35.26,54.0,1249.0,3885.0,,,,,,,
58.0,35.26,60.0,1529.0,3887.0,,,,,,,
49.0,35.26,45.0,1177.0,3896.0,,,,,,,
45.0,35.26,41.0,1062.0,3955.0,,,,,,,
50.0,36.08,50.0,1338.0,3967.0,,,,,,,
71.0,36.08,46.0,1014.0,405.0,,,,,,,
29.0,37.72,51.0,1175.0,615.0,,,,,,,
52.0,37.72,46.0,1285.0,876.0,,,,,,,
72.0,37.72,56.0,1264.0,4459.0,,,,,,,
18.0,37.72,55.0,909.0,999.0,,,,,,,
69.0,38.54,52.0,1272.0,815.0,,,,,,,
53.0,38.54,59.0,1681.0,326.0,,,,,,,
65.0,39.36,51.0,1355.0,6215.0,,,,,,,
19.0,39.36,59.0,1060.0,6233.0,,,,,,,
41.0,39.36,50.0,1413.0,978.0,,,,,,,
70.0,39.36,48.0,1177.0,9507.0,,,,,,,
18.0,39.36,59.0,1017.0,9529.0,,,,,,,
34.0,39.36,47.0,1232.0,9530.0,,,,,,,
72.0,40.18,55.0,1322.0,9560.0,,,,,,,
45.0,40.18,42.0,1239.0,9595.0,,,,,,,
62.0,41.0,49.0,1404.0,9596.0,,,,,,,
62.0,41.0,56.0,1605.0,9597.0,,,,,,,
58.0,44.28,47.0,1504.0,9612.0,,,,,,,
28.0,44.28,54.0,1430.0,9635.0,,,,,,,
43.0,44.28,53.0,1707.0,1577.0,,,,,,,
38.0,44.28,48.0,1486.0,1581.0,,,,,,,
25.0,44.28,52.0,1281.0,1592.0,,,,,,,
49.0,44.28,42.0,1379.0,1618.0,,,,,,,
56.0,44.28,51.0,1651.0,249.0,,,,,,,
38.0,44.28,55.0,1703.0,518.0,,,,,,,
69.0,44.28,41.0,1152.0,2521.0,,,,,,,
44.0,44.28,44.0,1424.0,930.0,,,,,,,
23.0,44.28,57.0,1326.0,399.0,,,,,,,
46.0,44.28,46.0,1501.0,504.0,,,,,,,
54.0,46.74,58.0,1998.0,948.0,,,,,,,
24.0,46.74,55.0,1391.0,4452.0,,,,,,,
36.0,47.56,60.0,1951.0,6646.0,,,,,,,
49.0,47.56,46.0,1622.0,6678.0,,,,,,,
70.0,48.38,55.0,1658.0,6694.0,,,,,,,
17.0,48.38,41.0,830.0,6715.0,,,,,,,
46.0,49.2,49.0,1777.0,6720.0,,,,,,,
38.0,49.2,40.0,1376.0,6721.0,,,,,,,
34.0,49.2,42.0,1376.0,6770.0,,,,,,,
26.0,49.2,52.0,1461.0,6815.0,,,,,,,
45.0,49.2,47.0,1698.0,3427.0,,,,,,,
29.0,49.2,50.0,1503.0,3436.0,,,,,,,
46.0,50.02,42.0,1548.0,3478.0,,,,,,,
22.0,50.02,49.0,1248.0,3498.0,,,,,,,
25.0,50.84,41.0,1160.0,3524.0,,,,,,,
49.0,50.84,48.0,1809.0,3525.0,,,,,,,
69.0,50.84,59.0,1904.0,3547.0,,,,,,,
28.0,50.84,55.0,1673.0,3619.0,,,,,,,
49.0,50.84,56.0,2111.0,3629.0,,,,,,,
23.0,50.84,42.0,1122.0,6424.0,,,,,,,
68.0,51.66,50.0,1668.0,3165.0,,,,,,,
53.0,51.66,46.0,1756.0,9875.0,,,,,,,
70.0,51.66,43.0,1384.0,515.0,,,,,,,
68.0,51.66,48.0,1601.0,283.0,,,,,,,
67.0,51.66,52.0,1762.0,2285.0,,,,,,,
18.0,51.66,54.0,1222.0,2286.0,,,,,,,
38.0,52.48,42.0,1541.0,2296.0,,,,,,,
18.0,52.48,46.0,1057.0,2324.0,,,,,,,
17.0,53.3,48.0,1071.0,2326.0,,,,,,,
18.0,53.3,50.0,1167.0,2371.0,,,,,,,
65.0,53.3,43.0,1547.0,2387.0,,,,,,,
49.0,53.3,59.0,2332.0,2404.0,,,,,,,
50.0,54.94,43.0,1752.0,5429.0,,,,,,,
49.0,54.94,57.0,2322.0,5430.0,,,,,,,
29.0,54.94,56.0,1880.0,5453.0,,,,,,,
38.0,54.94,40.0,1536.0,5493.0,,,,,,,
38.0,56.58,58.0,2294.0,5510.0,,,,,,,
39.0,56.58,91.0,3634.0,5512.0,,,,,,,
25.0,57.4,29.0,926.0,8235.0,,,,,,,
33.0,57.4,77.0,2900.0,8275.0,,,,,,,
41.0,58.22,35.0,1463.0,2849.0,,,,,,,
38.0,58.22,95.0,3866.0,2870.0,,,,,,,
58.0,58.22,11.0,463.0,2874.0,,,,,,,
38.0,58.22,75.0,3052.0,2877.0,,,,,,,
45.0,58.22,9.0,385.0,2457.0,,,,,,,
39.0,58.22,75.0,3082.0,2495.0,,,,,,,
27.0,59.04,34.0,1174.0,2518.0,,,,,,,
33.0,59.04,71.0,2750.0,10196.0,,,,,,,
22.0,59.86,5.0,152.0,10232.0,,,,,,,
29.0,59.86,88.0,3218.0,10240.0,,,,,,,
42.0,59.86,7.0,303.0,10241.0,,,,,,,
34.0,59.86,73.0,2910.0,10270.0,,,,,,,
18.0,60.68,10.0,266.0,10281.0,,,,,,,
37.0,60.68,72.0,3022.0,4470.0,,,,,,,
56.0,61.5,5.0,225.0,4477.0,,,,,,,
34.0,61.5,93.0,3808.0,4491.0,,,,,,,
32.0,62.32,40.0,1609.0,2795.0,,,,,,,
34.0,62.32,87.0,3610.0,2807.0,,,,,,,
27.0,63.14,12.0,443.0,2811.0,,,,,,,
32.0,63.14,97.0,3954.0,7373.0,,,,,,,
46.0,63.14,36.0,1675.0,7381.0,,,,,,,
34.0,63.14,74.0,3111.0,7384.0,,,,,,,
36.0,63.96,22.0,962.0,7532.0,,,,,,,
36.0,63.96,90.0,3935.0,7533.0,,,,,,,
41.0,63.96,17.0,780.0,7573.0,,,,,,,
39.0,63.96,88.0,3973.0,7600.0,,,,,,,
42.0,63.96,20.0,925.0,4619.0,,,,,,,
38.0,63.96,76.0,3398.0,4673.0,,,,,,,
45.0,63.96,16.0,752.0,4692.0,,,,,,,
29.0,63.96,89.0,3478.0,4702.0,,,,,,,
39.0,63.96,1.0,45.0,4712.0,,,,,,,
32.0,63.96,78.0,3221.0,6271.0,,,,,,,
36.0,63.96,1.0,44.0,6287.0,,,,,,,
32.0,63.96,73.0,3015.0,6310.0,,,,,,,
55.0,64.78,35.0,1665.0,10995.0,,,,,,,
29.0,64.78,83.0,3285.0,11003.0,,,,,,,
18.0,66.42,5.0,145.0,11004.0,,,,,,,
33.0,66.42,93.0,4052.0,11025.0,,,,,,,
49.0,69.7,26.0,1344.0,11056.0,,,,,,,
38.0,69.7,75.0,3654.0,11084.0,,,,,,,
40.0,70.52,20.0,1004.0,11086.0,,,,,,,
35.0,70.52,95.0,4522.0,3153.0,,,,,,,
38.0,71.34,27.0,1347.0,3158.0,,,,,,,
34.0,71.34,63.0,2993.0,3267.0,,,,,,,
38.0,71.34,13.0,648.0,3277.0,,,,,,,
32.0,71.34,75.0,3455.0,5726.0,,,,,,,
38.0,71.34,10.0,499.0,5740.0,,,,,,,
38.0,71.34,92.0,4588.0,5758.0,,,,,,,
51.0,72.16,13.0,696.0,7042.0,,,,,,,
32.0,72.16,86.0,4007.0,7101.0,,,,,,,
57.0,72.16,15.0,787.0,7141.0,,,,,,,
29.0,72.16,69.0,3042.0,7143.0,,,,,,,
58.0,76.26,14.0,772.0,6431.0,,,,,,,
37.0,76.26,90.0,4747.0,6466.0,,,,,,,
39.0,79.54,32.0,1797.0,6471.0,,,,,,,
34.0,79.54,86.0,4555.0,6504.0,,,,,,,
44.0,80.36,15.0,881.0,6507.0,,,,,,,
29.0,80.36,88.0,4320.0,3403.0,,,,,,,
39.0,81.18,39.0,2235.0,4390.0,,,,,,,
32.0,81.18,97.0,5084.0,4399.0,,,,,,,
53.0,82.82,24.0,1469.0,4405.0,,,,,,,
32.0,82.82,68.0,3636.0,4415.0,,,,,,,
39.0,84.46,17.0,1014.0,3112.0,,,,,,,
38.0,84.46,85.0,5019.0,8923.0,,,,,,,
36.0,84.46,23.0,1328.0,8933.0,,,,,,,
34.0,84.46,69.0,3880.0,8962.0,,,,,,,
35.0,92.66,8.0,500.0,9064.0,,,,,,,
38.0,92.66,91.0,5895.0,9080.0,,,,,,,
45.0,98.4,16.0,1156.0,9119.0,,,,,,,
37.0,98.4,79.0,5377.0,9150.0,,,,,,,
43.0,103.32,28.0,2104.0,4047.0,,,,,,,
34.0,103.32,74.0,5091.0,4065.0,,,,,,,
34.0,112.34,18.0,1346.0,3711.0,,,,,,,
32.0,112.34,83.0,6020.0,263.0,,,,,,,
18.0,12.3,39.0,210.0,291.0,,,,,,,
23.0,12.3,81.0,524.0,977.0,,,,,,,
22.0,13.12,6.0,40.0,979.0,,,,,,,
25.0,13.12,77.0,562.0,1012.0,,,,,,,
33.0,13.94,40.0,366.0,1031.0,,,,,,,
24.0,13.94,76.0,573.0,1459.0,,,,,,,
37.0,14.76,6.0,61.0,1463.0,,,,,,,
25.0,14.76,94.0,772.0,1473.0,,,,,,,
66.0,15.58,3.0,31.0,1497.0,,,,,,,
32.0,15.58,72.0,724.0,1501.0,,,,,,,
69.0,15.58,14.0,138.0,1506.0,,,,,,,
37.0,15.58,99.0,1067.0,123.0,,,,,,,
57.0,16.4,15.0,179.0,486.0,,,,,,,
26.0,16.4,77.0,721.0,830.0,,,,,,,
39.0,16.4,13.0,150.0,1175.0,,,,,,,
24.0,16.4,79.0,701.0,1183.0,,,,,,,
37.0,17.22,35.0,417.0,1212.0,,,,,,,
22.0,17.22,66.0,579.0,1241.0,,,,,,,
51.0,18.86,29.0,406.0,1307.0,,,,,,,
37.0,18.86,98.0,1278.0,535.0,,,,,,,
37.0,19.68,35.0,476.0,577.0,,,,,,,
27.0,19.68,73.0,840.0,618.0,,,,,,,
44.0,20.5,5.0,75.0,624.0,,,,,,,
33.0,20.5,73.0,982.0,760.0,,,,,,,
53.0,22.96,14.0,238.0,231.0,,,,,,,
29.0,22.96,82.0,1150.0,2139.0,,,,,,,
43.0,22.96,32.0,534.0,2162.0,,,,,,,
37.0,22.96,61.0,969.0,2173.0,,,,,,,
38.0,23.78,31.0,515.0,2253.0,,,,,,,
25.0,23.78,87.0,1151.0,2261.0,,,,,,,
62.0,24.6,4.0,69.0,1940.0,,,,,,,
23.0,24.6,73.0,944.0,1945.0,,,,,,,
52.0,27.06,4.0,80.0,1970.0,,,,,,,
17.0,27.06,92.0,1042.0,2793.0,,,,,,,
49.0,27.06,14.0,281.0,195.0,,,,,,,
23.0,27.06,81.0,1152.0,107.0,,,,,,,
40.0,27.88,17.0,338.0,811.0,,,,,,,
32.0,27.88,73.0,1314.0,2814.0,,,,,,,
38.0,30.34,26.0,551.0,2829.0,,,,,,,
22.0,30.34,75.0,1159.0,629.0,,,,,,,
67.0,31.16,35.0,715.0,3645.0,,,,,,,
26.0,31.16,92.0,1637.0,3657.0,,,,,,,
46.0,31.98,36.0,849.0,3667.0,,,,,,,
33.0,31.98,61.0,1280.0,3678.0,,,,,,,
49.0,31.98,28.0,664.0,2079.0,,,,,,,
26.0,31.98,65.0,1187.0,2114.0,,,,,,,
49.0,32.8,55.0,1338.0,2130.0,,,,,,,
29.0,32.8,47.0,942.0,3865.0,,,,,,,
29.0,32.8,42.0,842.0,3878.0,,,,,,,
33.0,32.8,42.0,904.0,3885.0,,,,,,,
49.0,34.44,52.0,1328.0,3887.0,,,,,,,
35.0,34.44,60.0,1395.0,3896.0,,,,,,,
33.0,35.26,54.0,1249.0,3955.0,,,,,,,
58.0,35.26,60.0,1529.0,3967.0,,,,,,,
49.0,35.26,45.0,1177.0,405.0,,,,,,,
45.0,35.26,41.0,1062.0,615.0,,,,,,,
50.0,36.08,50.0,1338.0,876.0,,,,,,,
71.0,36.08,46.0,1014.0,4459.0,,,,,,,
29.0,37.72,51.0,1175.0,999.0,,,,,,,
52.0,37.72,46.0,1285.0,815.0,,,,,,,
72.0,37.72,56.0,1264.0,326.0,,,,,,,
18.0,37.72,55.0,909.0,6215.0,,,,,,,
69.0,38.54,52.0,1272.0,6233.0,,,,,,,
53.0,38.54,59.0,1681.0,978.0,,,,,,,
65.0,39.36,51.0,1355.0,9507.0,,,,,,,
19.0,39.36,59.0,1060.0,9529.0,,,,,,,
41.0,39.36,50.0,1413.0,9530.0,,,,,,,
70.0,39.36,48.0,1177.0,9560.0,,,,,,,
18.0,39.36,59.0,1017.0,9595.0,,,,,,,
34.0,39.36,47.0,1232.0,9596.0,,,,,,,
72.0,40.18,55.0,1322.0,9597.0,,,,,,,
45.0,40.18,42.0,1239.0,9612.0,,,,,,,
62.0,41.0,49.0,1404.0,9635.0,,,,,,,
62.0,41.0,56.0,1605.0,1577.0,,,,,,,
58.0,44.28,47.0,1504.0,1581.0,,,,,,,
28.0,44.28,54.0,1430.0,1592.0,,,,,,,
43.0,44.28,53.0,1707.0,1618.0,,,,,,,
38.0,44.28,48.0,1486.0,249.0,,,,,,,
25.0,44.28,52.0,1281.0,518.0,,,,,,,
49.0,44.28,42.0,1379.0,2521.0,,,,,,,
56.0,44.28,51.0,1651.0,930.0,,,,,,,
38.0,44.28,55.0,1703.0,399.0,,,,,,,
69.0,44.28,41.0,1152.0,504.0,,,,,,,
44.0,44.28,44.0,1424.0,948.0,,,,,,,
23.0,44.28,57.0,1326.0,4452.0,,,,,,,
46.0,44.28,46.0,1501.0,6646.0,,,,,,,
54.0,46.74,58.0,1998.0,6678.0,,,,,,,
24.0,46.74,55.0,1391.0,6694.0,,,,,,,
36.0,47.56,60.0,1951.0,6715.0,,,,,,,
49.0,47.56,46.0,1622.0,6720.0,,,,,,,
70.0,48.38,55.0,1658.0,6721.0,,,,,,,
17.0,48.38,41.0,830.0,6770.0,,,,,,,
46.0,49.2,49.0,1777.0,6815.0,,,,,,,
38.0,49.2,40.0,1376.0,3427.0,,,,,,,
34.0,49.2,42.0,1376.0,3436.0,,,,,,,
26.0,49.2,52.0,1461.0,3478.0,,,,,,,
45.0,49.2,47.0,1698.0,3498.0,,,,,,,
29.0,49.2,50.0,1503.0,3524.0,,,,,,,
46.0,50.02,42.0,1548.0,3525.0,,,,,,,
22.0,50.02,49.0,1248.0,3547.0,,,,,,,
25.0,50.84,41.0,1160.0,3619.0,,,,,,,
49.0,50.84,48.0,1809.0,3629.0,,,,,,,
69.0,50.84,59.0,1904.0,6424.0,,,,,,,
28.0,50.84,55.0,1673.0,3165.0,,,,,,,
49.0,50.84,56.0,2111.0,9875.0,,,,,,,
23.0,50.84,42.0,1122.0,515.0,,,,,,,
68.0,51.66,50.0,1668.0,283.0,,,,,,,
53.0,51.66,46.0,1756.0,2285.0,,,,,,,
70.0,51.66,43.0,1384.0,2286.0,,,,,,,
68.0,51.66,48.0,1601.0,2296.0,,,,,,,
67.0,51.66,52.0,1762.0,2324.0,,,,,,,
18.0,51.66,54.0,1222.0,2326.0,,,,,,,
38.0,52.48,42.0,1541.0,2371.0,,,,,,,
18.0,52.48,46.0,1057.0,2387.0,,,,,,,
17.0,53.3,48.0,1071.0,2404.0,,,,,,,
18.0,53.3,50.0,1167.0,5429.0,,,,,,,
65.0,53.3,43.0,1547.0,5430.0,,,,,,,
49.0,53.3,59.0,2332.0,5453.0,,,,,,,
50.0,54.94,43.0,1752.0,5493.0,,,,,,,
49.0,54.94,57.0,2322.0,5510.0,,,,,,,
29.0,54.94,56.0,1880.0,5512.0,,,,,,,
38.0,54.94,40.0,1536.0,8235.0,,,,,,,
38.0,56.58,58.0,2294.0,8275.0,,,,,,,
39.0,56.58,91.0,3634.0,2849.0,,,,,,,
25.0,57.4,29.0,926.0,2870.0,,,,,,,
33.0,57.4,77.0,2900.0,2874.0,,,,,,,
41.0,58.22,35.0,1463.0,2877.0,,,,,,,
38.0,58.22,95.0,3866.0,2457.0,,,,,,,
58.0,58.22,11.0,463.0,2495.0,,,,,,,
38.0,58.22,75.0,3052.0,2518.0,,,,,,,
45.0,58.22,9.0,385.0,10196.0,,,,,,,
39.0,58.22,75.0,3082.0,10232.0,,,,,,,
27.0,59.04,34.0,1174.0,10240.0,,,,,,,
33.0,59.04,71.0,2750.0,10241.0,,,,,,,
22.0,59.86,5.0,152.0,10270.0,,,,,,,
29.0,59.86,88.0,3218.0,10281.0,,,,,,,
42.0,59.86,7.0,303.0,4470.0,,,,,,,
34.0,59.86,73.0,2910.0,4477.0,,,,,,,
18.0,60.68,10.0,266.0,4491.0,,,,,,,
37.0,60.68,72.0,3022.0,2795.0,,,,,,,
56.0,61.5,5.0,225.0,2807.0,,,,,,,
34.0,61.5,93.0,3808.0,2811.0,,,,,,,
32.0,62.32,40.0,1609.0,7373.0,,,,,,,
34.0,62.32,87.0,3610.0,7381.0,,,,,,,
27.0,63.14,12.0,443.0,7384.0,,,,,,,
32.0,63.14,97.0,3954.0,7532.0,,,,,,,
46.0,63.14,36.0,1675.0,7533.0,,,,,,,
34.0,63.14,74.0,3111.0,7573.0,,,,,,,
36.0,63.96,22.0,962.0,7600.0,,,,,,,
36.0,63.96,90.0,3935.0,4619.0,,,,,,,
41.0,63.96,17.0,780.0,4673.0,,,,,,,
39.0,63.96,88.0,3973.0,4692.0,,,,,,,
42.0,63.96,20.0,925.0,4702.0,,,,,,,
38.0,63.96,76.0,3398.0,4712.0,,,,,,,
45.0,63.96,16.0,752.0,6271.0,,,,,,,
29.0,63.96,89.0,3478.0,6287.0,,,,,,,
39.0,63.96,1.0,45.0,6310.0,,,,,,,
32.0,63.96,78.0,3221.0,10995.0,,,,,,,
36.0,63.96,1.0,44.0,11003.0,,,,,,,
32.0,63.96,73.0,3015.0,11004.0,,,,,,,
55.0,64.78,35.0,1665.0,11025.0,,,,,,,
29.0,64.78,83.0,3285.0,11056.0,,,,,,,
18.0,66.42,5.0,145.0,11084.0,,,,,,,
33.0,66.42,93.0,4052.0,11086.0,,,,,,,
49.0,69.7,26.0,1344.0,3153.0,,,,,,,
38.0,69.7,75.0,3654.0,3158.0,,,,,,,
40.0,70.52,20.0,1004.0,3267.0,,,,,,,
35.0,70.52,95.0,4522.0,3277.0,,,,,,,
38.0,71.34,27.0,1347.0,5726.0,,,,,,,
34.0,71.34,63.0,2993.0,5740.0,,,,,,,
38.0,71.34,13.0,648.0,5758.0,,,,,,,
32.0,71.34,75.0,3455.0,7042.0,,,,,,,
38.0,71.34,10.0,499.0,7101.0,,,,,,,
38.0,71.34,92.0,4588.0,7141.0,,,,,,,
51.0,72.16,13.0,696.0,7143.0,,,,,,,
32.0,72.16,86.0,4007.0,6431.0,,,,,,,
57.0,72.16,15.0,787.0,6466.0,,,,,,,
29.0,72.16,69.0,3042.0,6471.0,,,,,,,
58.0,76.26,14.0,772.0,6504.0,,,,,,,
37.0,76.26,90.0,4747.0,6507.0,,,,,,,
39.0,79.54,32.0,1797.0,3403.0,,,,,,,
34.0,79.54,86.0,4555.0,4390.0,,,,,,,
44.0,80.36,15.0,881.0,4399.0,,,,,,,
29.0,80.36,88.0,4320.0,4405.0,,,,,,,
39.0,81.18,39.0,2235.0,4415.0,,,,,,,
32.0,81.18,97.0,5084.0,3112.0,,,,,,,
53.0,82.82,24.0,1469.0,8923.0,,,,,,,
32.0,82.82,68.0,3636.0,8933.0,,,,,,,
39.0,84.46,17.0,1014.0,8962.0,,,,,,,
38.0,84.46,85.0,5019.0,9064.0,,,,,,,
36.0,84.46,23.0,1328.0,9080.0,,,,,,,
34.0,84.46,69.0,3880.0,9119.0,,,,,,,
35.0,92.66,8.0,500.0,9150.0,,,,,,,
38.0,92.66,91.0,5895.0,4047.0,,,,,,,
45.0,98.4,16.0,1156.0,4065.0,,,,,,,
37.0,98.4,79.0,5377.0,3711.0,,,,,,,
43.0,103.32,28.0,2104.0,291.0,,,,,,,
34.0,103.32,74.0,5091.0,977.0,,,,,,,
34.0,112.34,18.0,1346.0,979.0,,,,,,,
32.0,112.34,83.0,6020.0,1012.0,,,,,,,
18.0,12.3,39.0,210.0,1031.0,,,,,,,
23.0,12.3,81.0,524.0,1459.0,,,,,,,
22.0,13.12,6.0,40.0,1463.0,,,,,,,
25.0,13.12,77.0,562.0,1473.0,,,,,,,
33.0,13.94,40.0,366.0,1497.0,,,,,,,
24.0,13.94,76.0,573.0,1501.0,,,,,,,
37.0,14.76,6.0,61.0,1506.0,,,,,,,
25.0,14.76,94.0,772.0,123.0,,,,,,,
66.0,15.58,3.0,31.0,486.0,,,,,,,
32.0,15.58,72.0,724.0,830.0,,,,,,,
69.0,15.58,14.0,138.0,1175.0,,,,,,,
37.0,15.58,99.0,1067.0,1183.0,,,,,,,
57.0,16.4,15.0,179.0,1212.0,,,,,,,
26.0,16.4,77.0,721.0,1241.0,,,,,,,
39.0,16.4,13.0,150.0,1307.0,,,,,,,
24.0,16.4,79.0,701.0,535.0,,,,,,,
37.0,17.22,35.0,417.0,577.0,,,,,,,
22.0,17.22,66.0,579.0,618.0,,,,,,,
51.0,18.86,29.0,406.0,624.0,,,,,,,
37.0,18.86,98.0,1278.0,760.0,,,,,,,
37.0,19.68,35.0,476.0,231.0,,,,,,,
27.0,19.68,73.0,840.0,2139.0,,,,,,,
44.0,20.5,5.0,75.0,2162.0,,,,,,,
33.0,20.5,73.0,982.0,2173.0,,,,,,,
53.0,22.96,14.0,238.0,2253.0,,,,,,,
29.0,22.96,82.0,1150.0,2261.0,,,,,,,
43.0,22.96,32.0,534.0,1940.0,,,,,,,
37.0,22.96,61.0,969.0,1945.0,,,,,,,
38.0,23.78,31.0,515.0,1970.0,,,,,,,
25.0,23.78,87.0,1151.0,2793.0,,,,,,,
62.0,24.6,4.0,69.0,195.0,,,,,,,
23.0,24.6,73.0,944.0,107.0,,,,,,,
52.0,27.06,4.0,80.0,811.0,,,,,,,
17.0,27.06,92.0,1042.0,2814.0,,,,,,,
49.0,27.06,14.0,281.0,2829.0,,,,,,,
23.0,27.06,81.0,1152.0,629.0,,,,,,,
40.0,27.88,17.0,338.0,3645.0,,,,,,,
32.0,27.88,73.0,1314.0,3657.0,,,,,,,
38.0,30.34,26.0,551.0,3667.0,,,,,,,
22.0,30.34,75.0,1159.0,3678.0,,,,,,,
67.0,31.16,35.0,715.0,2079.0,,,,,,,
26.0,31.16,92.0,1637.0,2114.0,,,,,,,
46.0,31.98,36.0,849.0,2130.0,,,,,,,
33.0,31.98,61.0,1280.0,3865.0,,,,,,,
49.0,31.98,28.0,664.0,3878.0,,,,,,,
26.0,31.98,65.0,1187.0,3885.0,,,,,,,
49.0,32.8,55.0,1338.0,3887.0,,,,,,,
29.0,32.8,47.0,942.0,3896.0,,,,,,,
29.0,32.8,42.0,842.0,3955.0,,,,,,,
33.0,32.8,42.0,904.0,3967.0,,,,,,,
49.0,34.44,52.0,1328.0,405.0,,,,,,,
35.0,34.44,60.0,1395.0,615.0,,,,,,,
33.0,35.26,54.0,1249.0,876.0,,,,,,,
58.0,35.26,60.0,1529.0,4459.0,,,,,,,
49.0,35.26,45.0,1177.0,999.0,,,,,,,
45.0,35.26,41.0,1062.0,815.0,,,,,,,
50.0,36.08,50.0,1338.0,326.0,,,,,,,
71.0,36.08,46.0,1014.0,6215.0,,,,,,,
29.0,37.72,51.0,1175.0,6233.0,,,,,,,
52.0,37.72,46.0,1285.0,978.0,,,,,,,
72.0,37.72,56.0,1264.0,9507.0,,,,,,,
18.0,37.72,55.0,909.0,9529.0,,,,,,,
69.0,38.54,52.0,1272.0,9530.0,,,,,,,
53.0,38.54,59.0,1681.0,9560.0,,,,,,,
65.0,39.36,51.0,1355.0,9595.0,,,,,,,
19.0,39.36,59.0,1060.0,9596.0,,,,,,,
41.0,39.36,50.0,1413.0,9597.0,,,,,,,
70.0,39.36,48.0,1177.0,9612.0,,,,,,,
18.0,39.36,59.0,1017.0,9635.0,,,,,,,
34.0,39.36,47.0,1232.0,1577.0,,,,,,,
72.0,40.18,55.0,1322.0,1581.0,,,,,,,
45.0,40.18,42.0,1239.0,1592.0,,,,,,,
62.0,41.0,49.0,1404.0,1618.0,,,,,,,
62.0,41.0,56.0,1605.0,249.0,,,,,,,
58.0,44.28,47.0,1504.0,518.0,,,,,,,
28.0,44.28,54.0,1430.0,2521.0,,,,,,,
43.0,44.28,53.0,1707.0,930.0,,,,,,,
38.0,44.28,48.0,1486.0,399.0,,,,,,,
25.0,44.28,52.0,1281.0,504.0,,,,,,,
49.0,44.28,42.0,1379.0,948.0,,,,,,,
56.0,44.28,51.0,1651.0,4452.0,,,,,,,
38.0,44.28,55.0,1703.0,6646.0,,,,,,,
69.0,44.28,41.0,1152.0,6678.0,,,,,,,
44.0,44.28,44.0,1424.0,6694.0,,,,,,,
23.0,44.28,57.0,1326.0,6715.0,,,,,,,
46.0,44.28,46.0,1501.0,6720.0,,,,,,,
54.0,46.74,58.0,1998.0,6721.0,,,,,,,
24.0,46.74,55.0,1391.0,6770.0,,,,,,,
36.0,47.56,60.0,1951.0,6815.0,,,,,,,
49.0,47.56,46.0,1622.0,3427.0,,,,,,,
70.0,48.38,55.0,1658.0,3436.0,,,,,,,
17.0,48.38,41.0,830.0,3478.0,,,,,,,
46.0,49.2,49.0,1777.0,3498.0,,,,,,,
38.0,49.2,40.0,1376.0,3524.0,,,,,,,
34.0,49.2,42.0,1376.0,3525.0,,,,,,,
26.0,49.2,52.0,1461.0,3547.0,,,,,,,
45.0,49.2,47.0,1698.0,3619.0,,,,,,,
29.0,49.2,50.0,1503.0,3629.0,,,,,,,
46.0,50.02,42.0,1548.0,6424.0,,,,,,,
22.0,50.02,49.0,1248.0,3165.0,,,,,,,
25.0,50.84,41.0,1160.0,9875.0,,,,,,,
49.0,50.84,48.0,1809.0,515.0,,,,,,,
69.0,50.84,59.0,1904.0,283.0,,,,,,,
28.0,50.84,55.0,1673.0,2285.0,,,,,,,
49.0,50.84,56.0,2111.0,2286.0,,,,,,,
23.0,50.84,42.0,1122.0,2296.0,,,,,,,
68.0,51.66,50.0,1668.0,2324.0,,,,,,,
53.0,51.66,46.0,1756.0,2326.0,,,,,,,
70.0,51.66,43.0,1384.0,2371.0,,,,,,,
68.0,51.66,48.0,1601.0,2387.0,,,,,,,
67.0,51.66,52.0,1762.0,2404.0,,,,,,,
18.0,51.66,54.0,1222.0,5429.0,,,,,,,
38.0,52.48,42.0,1541.0,5430.0,,,,,,,
18.0,52.48,46.0,1057.0,5453.0,,,,,,,
17.0,53.3,48.0,1071.0,5493.0,,,,,,,
18.0,53.3,50.0,1167.0,5510.0,,,,,,,
65.0,53.3,43.0,1547.0,5512.0,,,,,,,
49.0,53.3,59.0,2332.0,8235.0,,,,,,,
50.0,54.94,43.0,1752.0,8275.0,,,,,,,
49.0,54.94,57.0,2322.0,2849.0,,,,,,,
29.0,54.94,56.0,1880.0,2870.0,,,,,,,
38.0,54.94,40.0,1536.0,2874.0,,,,,,,
38.0,56.58,58.0,2294.0,2877.0,,,,,,,
39.0,56.58,91.0,3634.0,2457.0,,,,,,,
25.0,57.4,29.0,926.0,2495.0,,,,,,,
33.0,57.4,77.0,2900.0,2518.0,,,,,,,
41.0,58.22,35.0,1463.0,10196.0,,,,,,,
38.0,58.22,95.0,3866.0,10232.0,,,,,,,
58.0,58.22,11.0,463.0,10240.0,,,,,,,
38.0,58.22,75.0,3052.0,10241.0,,,,,,,
45.0,58.22,9.0,385.0,10270.0,,,,,,,
39.0,58.22,75.0,3082.0,10281.0,,,,,,,
27.0,59.04,34.0,1174.0,4470.0,,,,,,,
33.0,59.04,71.0,2750.0,4477.0,,,,,,,
22.0,59.86,5.0,152.0,4491.0,,,,,,,
29.0,59.86,88.0,3218.0,2795.0,,,,,,,
42.0,59.86,7.0,303.0,2807.0,,,,,,,
34.0,59.86,73.0,2910.0,2811.0,,,,,,,
18.0,60.68,10.0,266.0,7373.0,,,,,,,
37.0,60.68,72.0,3022.0,7381.0,,,,,,,
56.0,61.5,5.0,225.0,7384.0,,,,,,,
34.0,61.5,93.0,3808.0,7532.0,,,,,,,
32.0,62.32,40.0,1609.0,7533.0,,,,,,,
34.0,62.32,87.0,3610.0,7573.0,,,,,,,
27.0,63.14,12.0,443.0,7600.0,,,,,,,
32.0,63.14,97.0,3954.0,4619.0,,,,,,,
46.0,63.14,36.0,1675.0,4673.0,,,,,,,
34.0,63.14,74.0,3111.0,4692.0,,,,,,,
36.0,63.96,22.0,962.0,4702.0,,,,,,,
36.0,63.96,90.0,3935.0,4712.0,,,,,,,
41.0,63.96,17.0,780.0,6271.0,,,,,,,
39.0,63.96,88.0,3973.0,6287.0,,,,,,,
42.0,63.96,20.0,925.0,6310.0,,,,,,,
38.0,63.96,76.0,3398.0,10995.0,,,,,,,
45.0,63.96,16.0,752.0,11003.0,,,,,,,
29.0,63.96,89.0,3478.0,11004.0,,,,,,,
39.0,63.96,1.0,45.0,11025.0,,,,,,,
32.0,63.96,78.0,3221.0,11056.0,,,,,,,
36.0,63.96,1.0,44.0,11084.0,,,,,,,
32.0,63.96,73.0,3015.0,11086.0,,,,,,,
55.0,64.78,35.0,1665.0,3153.0,,,,,,,
29.0,64.78,83.0,3285.0,3158.0,,,,,,,
18.0,66.42,5.0,145.0,3267.0,,,,,,,
33.0,66.42,93.0,4052.0,3277.0,,,,,,,
49.0,69.7,26.0,1344.0,5726.0,,,,,,,
38.0,69.7,75.0,3654.0,5740.0,,,,,,,
40.0,70.52,20.0,1004.0,5758.0,,,,,,,
35.0,70.52,95.0,4522.0,7042.0,,,,,,,
38.0,71.34,27.0,1347.0,7101.0,,,,,,,
34.0,71.34,63.0,2993.0,7141.0,,,,,,,
38.0,71.34,13.0,648.0,7143.0,,,,,,,
32.0,71.34,75.0,3455.0,6431.0,,,,,,,
38.0,71.34,10.0,499.0,6466.0,,,,,,,
38.0,71.34,92.0,4588.0,6471.0,,,,,,,
51.0,72.16,13.0,696.0,6504.0,,,,,,,
32.0,72.16,86.0,4007.0,6507.0,,,,,,,
57.0,72.16,15.0,787.0,3403.0,,,,,,,
29.0,72.16,69.0,3042.0,4390.0,,,,,,,
58.0,76.26,14.0,772.0,4399.0,,,,,,,
37.0,76.26,90.0,4747.0,4405.0,,,,,,,
39.0,79.54,32.0,1797.0,4415.0,,,,,,,
34.0,79.54,86.0,4555.0,3112.0,,,,,,,
44.0,80.36,15.0,881.0,8923.0,,,,,,,
29.0,80.36,88.0,4320.0,8933.0,,,,,,,
39.0,81.18,39.0,2235.0,8962.0,,,,,,,
32.0,81.18,97.0,5084.0,9064.0,,,,,,,
53.0,82.82,24.0,1469.0,9080.0,,,,,,,
32.0,82.82,68.0,3636.0,9119.0,,,,,,,
39.0,84.46,17.0,1014.0,9150.0,,,,,,,
38.0,84.46,85.0,5019.0,4047.0,,,,,,,
36.0,84.46,23.0,1328.0,4065.0,,,,,,,
34.0,84.46,69.0,3880.0,3711.0,,,,,,,
35.0,92.66,8.0,500.0,977.0,,,,,,,
38.0,92.66,91.0,5895.0,979.0,,,,,,,
45.0,98.4,16.0,1156.0,1012.0,,,,,,,
37.0,98.4,79.0,5377.0,1031.0,,,,,,,
43.0,103.32,28.0,2104.0,1459.0,,,,,,,
34.0,103.32,74.0,5091.0,1463.0,,,,,,,
34.0,112.34,18.0,1346.0,1473.0,,,,,,,
32.0,112.34,83.0,6020.0,1497.0,,,,,,,
18.0,12.3,39.0,210.0,1501.0,,,,,,,
23.0,12.3,81.0,524.0,1506.0,,,,,,,
22.0,13.12,6.0,40.0,123.0,,,,,,,
25.0,13.12,77.0,562.0,486.0,,,,,,,
33.0,13.94,40.0,366.0,830.0,,,,,,,
24.0,13.94,76.0,573.0,1175.0,,,,,,,
37.0,14.76,6.0,61.0,1183.0,,,,,,,
25.0,14.76,94.0,772.0,1212.0,,,,,,,
66.0,15.58,3.0,31.0,1241.0,,,,,,,
32.0,15.58,72.0,724.0,1307.0,,,,,,,
69.0,15.58,14.0,138.0,535.0,,,,,,,
37.0,15.58,99.0,1067.0,577.0,,,,,,,
57.0,16.4,15.0,179.0,618.0,,,,,,,
26.0,16.4,77.0,721.0,624.0,,,,,,,
39.0,16.4,13.0,150.0,760.0,,,,,,,
24.0,16.4,79.0,701.0,231.0,,,,,,,
37.0,17.22,35.0,417.0,2139.0,,,,,,,
22.0,17.22,66.0,579.0,2162.0,,,,,,,
51.0,18.86,29.0,406.0,2173.0,,,,,,,
37.0,18.86,98.0,1278.0,2253.0,,,,,,,
37.0,19.68,35.0,476.0,2261.0,,,,,,,
27.0,19.68,73.0,840.0,1940.0,,,,,,,
44.0,20.5,5.0,75.0,1945.0,,,,,,,
33.0,20.5,73.0,982.0,1970.0,,,,,,,
53.0,22.96,14.0,238.0,2793.0,,,,,,,
29.0,22.96,82.0,1150.0,195.0,,,,,,,
43.0,22.96,32.0,534.0,107.0,,,,,,,
37.0,22.96,61.0,969.0,811.0,,,,,,,
38.0,23.78,31.0,515.0,2814.0,,,,,,,
25.0,23.78,87.0,1151.0,2829.0,,,,,,,
62.0,24.6,4.0,69.0,629.0,,,,,,,
23.0,24.6,73.0,944.0,3645.0,,,,,,,
52.0,27.06,4.0,80.0,3657.0,,,,,,,
17.0,27.06,92.0,1042.0,3667.0,,,,,,,
49.0,27.06,14.0,281.0,3678.0,,,,,,,
23.0,27.06,81.0,1152.0,2079.0,,,,,,,
40.0,27.88,17.0,338.0,2114.0,,,,,,,
32.0,27.88,73.0,1314.0,2130.0,,,,,,,
38.0,30.34,26.0,551.0,3865.0,,,,,,,
22.0,30.34,75.0,1159.0,3878.0,,,,,,,
67.0,31.16,35.0,715.0,3885.0,,,,,,,
26.0,31.16,92.0,1637.0,3887.0,,,,,,,
46.0,31.98,36.0,849.0,3896.0,,,,,,,
33.0,31.98,61.0,1280.0,3955.0,,,,,,,
49.0,31.98,28.0,664.0,3967.0,,,,,,,
26.0,31.98,65.0,1187.0,405.0,,,,,,,
49.0,32.8,55.0,1338.0,615.0,,,,,,,
29.0,32.8,47.0,942.0,876.0,,,,,,,
29.0,32.8,42.0,842.0,4459.0,,,,,,,
33.0,32.8,42.0,904.0,999.0,,,,,,,
49.0,34.44,52.0,1328.0,815.0,,,,,,,
35.0,34.44,60.0,1395.0,326.0,,,,,,,
33.0,35.26,54.0,1249.0,6215.0,,,,,,,
58.0,35.26,60.0,1529.0,6233.0,,,,,,,
49.0,35.26,45.0,1177.0,978.0,,,,,,,
45.0,35.26,41.0,1062.0,9507.0,,,,,,,
50.0,36.08,50.0,1338.0,9529.0,,,,,,,
71.0,36.08,46.0,1014.0,9530.0,,,,,,,
29.0,37.72,51.0,1175.0,9560.0,,,,,,,
52.0,37.72,46.0,1285.0,9595.0,,,,,,,
72.0,37.72,56.0,1264.0,9596.0,,,,,,,
18.0,37.72,55.0,909.0,9597.0,,,,,,,
69.0,38.54,52.0,1272.0,9612.0,,,,,,,
53.0,38.54,59.0,1681.0,9635.0,,,,,,,
65.0,39.36,51.0,1355.0,1577.0,,,,,,,
19.0,39.36,59.0,1060.0,1581.0,,,,,,,
41.0,39.36,50.0,1413.0,1592.0,,,,,,,
70.0,39.36,48.0,1177.0,1618.0,,,,,,,
18.0,39.36,59.0,1017.0,249.0,,,,,,,
34.0,39.36,47.0,1232.0,518.0,,,,,,,
72.0,40.18,55.0,1322.0,2521.0,,,,,,,
45.0,40.18,42.0,1239.0,930.0,,,,,,,
62.0,41.0,49.0,1404.0,399.0,,,,,,,
62.0,41.0,56.0,1605.0,504.0,,,,,,,
58.0,44.28,47.0,1504.0,948.0,,,,,,,
28.0,44.28,54.0,1430.0,4452.0,,,,,,,
43.0,44.28,53.0,1707.0,6646.0,,,,,,,
38.0,44.28,48.0,1486.0,6678.0,,,,,,,
25.0,44.28,52.0,1281.0,6694.0,,,,,,,
49.0,44.28,42.0,1379.0,6715.0,,,,,,,
56.0,44.28,51.0,1651.0,6720.0,,,,,,,
38.0,44.28,55.0,1703.0,6721.0,,,,,,,
69.0,44.28,41.0,1152.0,6770.0,,,,,,,
44.0,44.28,44.0,1424.0,6815.0,,,,,,,
23.0,44.28,57.0,1326.0,3427.0,,,,,,,
46.0,44.28,46.0,1501.0,3436.0,,,,,,,
54.0,46.74,58.0,1998.0,3478.0,,,,,,,
24.0,46.74,55.0,1391.0,3498.0,,,,,,,
36.0,47.56,60.0,1951.0,3524.0,,,,,,,
49.0,47.56,46.0,1622.0,3525.0,,,,,,,
70.0,48.38,55.0,1658.0,3547.0,,,,,,,
17.0,48.38,41.0,830.0,3619.0,,,,,,,
46.0,49.2,49.0,1777.0,3629.0,,,,,,,
38.0,49.2,40.0,1376.0,6424.0,,,,,,,
34.0,49.2,42.0,1376.0,3165.0,,,,,,,
26.0,49.2,52.0,1461.0,9875.0,,,,,,,
45.0,49.2,47.0,1698.0,515.0,,,,,,,
29.0,49.2,50.0,1503.0,283.0,,,,,,,
46.0,50.02,42.0,1548.0,2285.0,,,,,,,
22.0,50.02,49.0,1248.0,2286.0,,,,,,,
25.0,50.84,41.0,1160.0,2296.0,,,,,,,
49.0,50.84,48.0,1809.0,2324.0,,,,,,,
69.0,50.84,59.0,1904.0,2326.0,,,,,,,
28.0,50.84,55.0,1673.0,2371.0,,,,,,,
49.0,50.84,56.0,2111.0,2387.0,,,,,,,
23.0,50.84,42.0,1122.0,2404.0,,,,,,,
68.0,51.66,50.0,1668.0,5429.0,,,,,,,
53.0,51.66,46.0,1756.0,5430.0,,,,,,,
70.0,51.66,43.0,1384.0,5453.0,,,,,,,
68.0,51.66,48.0,1601.0,5493.0,,,,,,,
67.0,51.66,52.0,1762.0,5510.0,,,,,,,
18.0,51.66,54.0,1222.0,5512.0,,,,,,,
38.0,52.48,42.0,1541.0,8235.0,,,,,,,
18.0,52.48,46.0,1057.0,8275.0,,,,,,,
17.0,53.3,48.0,1071.0,2849.0,,,,,,,
18.0,53.3,50.0,1167.0,2870.0,,,,,,,
65.0,53.3,43.0,1547.0,2874.0,,,,,,,
49.0,53.3,59.0,2332.0,2877.0,,,,,,,
50.0,54.94,43.0,1752.0,2457.0,,,,,,,
49.0,54.94,57.0,2322.0,2495.0,,,,,,,
29.0,54.94,56.0,1880.0,2518.0,,,,,,,
38.0,54.94,40.0,1536.0,10196.0,,,,,,,
38.0,56.58,58.0,2294.0,10232.0,,,,,,,
39.0,56.58,91.0,3634.0,10240.0,,,,,,,
25.0,57.4,29.0,926.0,10241.0,,,,,,,
33.0,57.4,77.0,2900.0,10270.0,,,,,,,
41.0,58.22,35.0,1463.0,10281.0,,,,,,,
38.0,58.22,95.0,3866.0,4470.0,,,,,,,
58.0,58.22,11.0,463.0,4477.0,,,,,,,
38.0,58.22,75.0,3052.0,4491.0,,,,,,,
45.0,58.22,9.0,385.0,2795.0,,,,,,,
39.0,58.22,75.0,3082.0,2807.0,,,,,,,
27.0,59.04,34.0,1174.0,2811.0,,,,,,,
33.0,59.04,71.0,2750.0,7373.0,,,,,,,
22.0,59.86,5.0,152.0,7381.0,,,,,,,
29.0,59.86,88.0,3218.0,7384.0,,,,,,,
42.0,59.86,7.0,303.0,7532.0,,,,,,,
34.0,59.86,73.0,2910.0,7533.0,,,,,,,
18.0,60.68,10.0,266.0,7573.0,,,,,,,
37.0,60.68,72.0,3022.0,7600.0,,,,,,,
56.0,61.5,5.0,225.0,4619.0,,,,,,,
34.0,61.5,93.0,3808.0,4673.0,,,,,,,
32.0,62.32,40.0,1609.0,4692.0,,,,,,,
34.0,62.32,87.0,3610.0,4702.0,,,,,,,
27.0,63.14,12.0,443.0,4712.0,,,,,,,
32.0,63.14,97.0,3954.0,6271.0,,,,,,,
46.0,63.14,36.0,1675.0,6287.0,,,,,,,
34.0,63.14,74.0,3111.0,6310.0,,,,,,,
36.0,63.96,22.0,962.0,10995.0,,,,,,,
36.0,63.96,90.0,3935.0,11003.0,,,,,,,
41.0,63.96,17.0,780.0,11004.0,,,,,,,
39.0,63.96,88.0,3973.0,11025.0,,,,,,,
42.0,63.96,20.0,925.0,11056.0,,,,,,,
38.0,63.96,76.0,3398.0,11084.0,,,,,,,
45.0,63.96,16.0,752.0,11086.0,,,,,,,
29.0,63.96,89.0,3478.0,3153.0,,,,,,,
39.0,63.96,1.0,45.0,3158.0,,,,,,,
32.0,63.96,78.0,3221.0,3267.0,,,,,,,
36.0,63.96,1.0,44.0,3277.0,,,,,,,
32.0,63.96,73.0,3015.0,5726.0,,,,,,,
55.0,64.78,35.0,1665.0,5740.0,,,,,,,
29.0,64.78,83.0,3285.0,5758.0,,,,,,,
18.0,66.42,5.0,145.0,7042.0,,,,,,,
33.0,66.42,93.0,4052.0,7101.0,,,,,,,
49.0,69.7,26.0,1344.0,7141.0,,,,,,,
38.0,69.7,75.0,3654.0,7143.0,,,,,,,
40.0,70.52,20.0,1004.0,6431.0,,,,,,,
35.0,70.52,95.0,4522.0,6466.0,,,,,,,
38.0,71.34,27.0,1347.0,6471.0,,,,,,,
34.0,71.34,63.0,2993.0,6504.0,,,,,,,
38.0,71.34,13.0,648.0,6507.0,,,,,,,
32.0,71.34,75.0,3455.0,3403.0,,,,,,,
38.0,71.34,10.0,499.0,4390.0,,,,,,,
38.0,71.34,92.0,4588.0,4399.0,,,,,,,
51.0,72.16,13.0,696.0,4405.0,,,,,,,
32.0,72.16,86.0,4007.0,4415.0,,,,,,,
57.0,72.16,15.0,787.0,3112.0,,,,,,,
29.0,72.16,69.0,3042.0,8923.0,,,,,,,
58.0,76.26,14.0,772.0,8933.0,,,,,,,
37.0,76.26,90.0,4747.0,8962.0,,,,,,,
39.0,79.54,32.0,1797.0,9064.0,,,,,,,
34.0,79.54,86.0,4555.0,9080.0,,,,,,,
44.0,80.36,15.0,881.0,9119.0,,,,,,,
29.0,80.36,88.0,4320.0,9150.0,,,,,,,
39.0,81.18,39.0,2235.0,4047.0,,,,,,,
32.0,81.18,97.0,5084.0,4065.0,,,,,,,
53.0,82.82,24.0,1469.0,3711.0,,,,,,,
32.0,82.82,68.0,3636.0,979.0,,,,,,,
39.0,84.46,17.0,1014.0,1012.0,,,,,,,
38.0,84.46,85.0,5019.0,1031.0,,,,,,,
36.0,84.46,23.0,1328.0,1459.0,,,,,,,
34.0,84.46,69.0,3880.0,1463.0,,,,,,,
35.0,92.66,8.0,500.0,1473.0,,,,,,,
38.0,92.66,91.0,5895.0,1497.0,,,,,,,
45.0,98.4,16.0,1156.0,1501.0,,,,,,,
37.0,98.4,79.0,5377.0,1506.0,,,,,,,
43.0,103.32,28.0,2104.0,123.0,,,,,,,
34.0,103.32,74.0,5091.0,486.0,,,,,,,
34.0,112.34,18.0,1346.0,830.0,,,,,,,
32.0,112.34,83.0,6020.0,1175.0,,,,,,,
18.0,12.3,39.0,210.0,1183.0,,,,,,,
23.0,12.3,81.0,524.0,1212.0,,,,,,,
22.0,13.12,6.0,40.0,1241.0,,,,,,,
25.0,13.12,77.0,562.0,1307.0,,,,,,,
33.0,13.94,40.0,366.0,535.0,,,,,,,
24.0,13.94,76.0,573.0,577.0,,,,,,,
37.0,14.76,6.0,61.0,618.0,,,,,,,
25.0,14.76,94.0,772.0,624.0,,,,,,,
66.0,15.58,3.0,31.0,760.0,,,,,,,
32.0,15.58,72.0,724.0,231.0,,,,,,,
69.0,15.58,14.0,138.0,2139.0,,,,,,,
37.0,15.58,99.0,1067.0,2162.0,,,,,,,
57.0,16.4,15.0,179.0,2173.0,,,,,,,
26.0,16.4,77.0,721.0,2253.0,,,,,,,
39.0,16.4,13.0,150.0,2261.0,,,,,,,
24.0,16.4,79.0,701.0,1940.0,,,,,,,
37.0,17.22,35.0,417.0,1945.0,,,,,,,
22.0,17.22,66.0,579.0,1970.0,,,,,,,
51.0,18.86,29.0,406.0,2793.0,,,,,,,
37.0,18.86,98.0,1278.0,195.0,,,,,,,
37.0,19.68,35.0,476.0,107.0,,,,,,,
27.0,19.68,73.0,840.0,811.0,,,,,,,
44.0,20.5,5.0,75.0,2814.0,,,,,,,
33.0,20.5,73.0,982.0,2829.0,,,,,,,
53.0,22.96,14.0,238.0,629.0,,,,,,,
29.0,22.96,82.0,1150.0,3645.0,,,,,,,
43.0,22.96,32.0,534.0,3657.0,,,,,,,
37.0,22.96,61.0,969.0,3667.0,,,,,,,
38.0,23.78,31.0,515.0,3678.0,,,,,,,
25.0,23.78,87.0,1151.0,2079.0,,,,,,,
62.0,24.6,4.0,69.0,2114.0,,,,,,,
23.0,24.6,73.0,944.0,2130.0,,,,,,,
52.0,27.06,4.0,80.0,3865.0,,,,,,,
17.0,27.06,92.0,1042.0,3878.0,,,,,,,
49.0,27.06,14.0,281.0,3885.0,,,,,,,
23.0,27.06,81.0,1152.0,3887.0,,,,,,,
40.0,27.88,17.0,338.0,3896.0,,,,,,,
32.0,27.88,73.0,1314.0,3955.0,,,,,,,
38.0,30.34,26.0,551.0,3967.0,,,,,,,
22.0,30.34,75.0,1159.0,405.0,,,,,,,
67.0,31.16,35.0,715.0,615.0,,,,,,,
26.0,31.16,92.0,1637.0,876.0,,,,,,,
46.0,31.98,36.0,849.0,4459.0,,,,,,,
33.0,31.98,61.0,1280.0,999.0,,,,,,,
49.0,31.98,28.0,664.0,815.0,,,,,,,
26.0,31.98,65.0,1187.0,326.0,,,,,,,
49.0,32.8,55.0,1338.0,6215.0,,,,,,,
29.0,32.8,47.0,942.0,6233.0,,,,,,,
29.0,32.8,42.0,842.0,978.0,,,,,,,
33.0,32.8,42.0,904.0,9507.0,,,,,,,
49.0,34.44,52.0,1328.0,9529.0,,,,,,,
35.0,34.44,60.0,1395.0,9530.0,,,,,,,
33.0,35.26,54.0,1249.0,9560.0,,,,,,,
58.0,35.26,60.0,1529.0,9595.0,,,,,,,
49.0,35.26,45.0,1177.0,9596.0,,,,,,,
45.0,35.26,41.0,1062.0,9597.0,,,,,,,
50.0,36.08,50.0,1338.0,9612.0,,,,,,,
71.0,36.08,46.0,1014.0,9635.0,,,,,,,
29.0,37.72,51.0,1175.0,1577.0,,,,,,,
52.0,37.72,46.0,1285.0,1581.0,,,,,,,
72.0,37.72,56.0,1264.0,1592.0,,,,,,,
18.0,37.72,55.0,909.0,1618.0,,,,,,,
69.0,38.54,52.0,1272.0,249.0,,,,,,,
53.0,38.54,59.0,1681.0,518.0,,,,,,,
65.0,39.36,51.0,1355.0,2521.0,,,,,,,
19.0,39.36,59.0,1060.0,930.0,,,,,,,
41.0,39.36,50.0,1413.0,399.0,,,,,,,
70.0,39.36,48.0,1177.0,504.0,,,,,,,
18.0,39.36,59.0,1017.0,948.0,,,,,,,
34.0,39.36,47.0,1232.0,4452.0,,,,,,,
72.0,40.18,55.0,1322.0,6646.0,,,,,,,
45.0,40.18,42.0,1239.0,6678.0,,,,,,,
62.0,41.0,49.0,1404.0,6694.0,,,,,,,
62.0,41.0,56.0,1605.0,6715.0,,,,,,,
58.0,44.28,47.0,1504.0,6720.0,,,,,,,
28.0,44.28,54.0,1430.0,6721.0,,,,,,,
43.0,44.28,53.0,1707.0,6770.0,,,,,,,
38.0,44.28,48.0,1486.0,6815.0,,,,,,,
25.0,44.28,52.0,1281.0,3427.0,,,,,,,
49.0,44.28,42.0,1379.0,3436.0,,,,,,,
56.0,44.28,51.0,1651.0,3478.0,,,,,,,
38.0,44.28,55.0,1703.0,3498.0,,,,,,,
69.0,44.28,41.0,1152.0,3524.0,,,,,,,
44.0,44.28,44.0,1424.0,3525.0,,,,,,,
23.0,44.28,57.0,1326.0,3547.0,,,,,,,
46.0,44.28,46.0,1501.0,3619.0,,,,,,,
54.0,46.74,58.0,1998.0,3629.0,,,,,,,
24.0,46.74,55.0,1391.0,6424.0,,,,,,,
36.0,47.56,60.0,1951.0,3165.0,,,,,,,
49.0,47.56,46.0,1622.0,9875.0,,,,,,,
70.0,48.38,55.0,1658.0,515.0,,,,,,,
17.0,48.38,41.0,830.0,283.0,,,,,,,
46.0,49.2,49.0,1777.0,2285.0,,,,,,,
38.0,49.2,40.0,1376.0,2286.0,,,,,,,
34.0,49.2,42.0,1376.0,2296.0,,,,,,,
26.0,49.2,52.0,1461.0,2324.0,,,,,,,
45.0,49.2,47.0,1698.0,2326.0,,,,,,,
29.0,49.2,50.0,1503.0,2371.0,,,,,,,
46.0,50.02,42.0,1548.0,2387.0,,,,,,,
22.0,50.02,49.0,1248.0,2404.0,,,,,,,
25.0,50.84,41.0,1160.0,5429.0,,,,,,,
49.0,50.84,48.0,1809.0,5430.0,,,,,,,
69.0,50.84,59.0,1904.0,5453.0,,,,,,,
28.0,50.84,55.0,1673.0,5493.0,,,,,,,
49.0,50.84,56.0,2111.0,5510.0,,,,,,,
23.0,50.84,42.0,1122.0,5512.0,,,,,,,
68.0,51.66,50.0,1668.0,8235.0,,,,,,,
53.0,51.66,46.0,1756.0,8275.0,,,,,,,
70.0,51.66,43.0,1384.0,2849.0,,,,,,,
68.0,51.66,48.0,1601.0,2870.0,,,,,,,
67.0,51.66,52.0,1762.0,2874.0,,,,,,,
18.0,51.66,54.0,1222.0,2877.0,,,,,,,
38.0,52.48,42.0,1541.0,2457.0,,,,,,,
18.0,52.48,46.0,1057.0,2495.0,,,,,,,
17.0,53.3,48.0,1071.0,2518.0,,,,,,,
18.0,53.3,50.0,1167.0,10196.0,,,,,,,
65.0,53.3,43.0,1547.0,10232.0,,,,,,,
49.0,53.3,59.0,2332.0,10240.0,,,,,,,
50.0,54.94,43.0,1752.0,10241.0,,,,,,,
49.0,54.94,57.0,2322.0,10270.0,,,,,,,
29.0,54.94,56.0,1880.0,10281.0,,,,,,,
38.0,54.94,40.0,1536.0,4470.0,,,,,,,
38.0,56.58,58.0,2294.0,4477.0,,,,,,,
39.0,56.58,91.0,3634.0,4491.0,,,,,,,
25.0,57.4,29.0,926.0,2795.0,,,,,,,
33.0,57.4,77.0,2900.0,2807.0,,,,,,,
41.0,58.22,35.0,1463.0,2811.0,,,,,,,
38.0,58.22,95.0,3866.0,7373.0,,,,,,,
58.0,58.22,11.0,463.0,7381.0,,,,,,,
38.0,58.22,75.0,3052.0,7384.0,,,,,,,
45.0,58.22,9.0,385.0,7532.0,,,,,,,
39.0,58.22,75.0,3082.0,7533.0,,,,,,,
27.0,59.04,34.0,1174.0,7573.0,,,,,,,
33.0,59.04,71.0,2750.0,7600.0,,,,,,,
22.0,59.86,5.0,152.0,4619.0,,,,,,,
29.0,59.86,88.0,3218.0,4673.0,,,,,,,
42.0,59.86,7.0,303.0,4692.0,,,,,,,
34.0,59.86,73.0,2910.0,4702.0,,,,,,,
18.0,60.68,10.0,266.0,4712.0,,,,,,,
37.0,60.68,72.0,3022.0,6271.0,,,,,,,
56.0,61.5,5.0,225.0,6287.0,,,,,,,
34.0,61.5,93.0,3808.0,6310.0,,,,,,,
32.0,62.32,40.0,1609.0,10995.0,,,,,,,
34.0,62.32,87.0,3610.0,11003.0,,,,,,,
27.0,63.14,12.0,443.0,11004.0,,,,,,,
32.0,63.14,97.0,3954.0,11025.0,,,,,,,
46.0,63.14,36.0,1675.0,11056.0,,,,,,,
34.0,63.14,74.0,3111.0,11084.0,,,,,,,
36.0,63.96,22.0,962.0,11086.0,,,,,,,
36.0,63.96,90.0,3935.0,3153.0,,,,,,,
41.0,63.96,17.0,780.0,3158.0,,,,,,,
39.0,63.96,88.0,3973.0,3267.0,,,,,,,
42.0,63.96,20.0,925.0,3277.0,,,,,,,
38.0,63.96,76.0,3398.0,5726.0,,,,,,,
45.0,63.96,16.0,752.0,5740.0,,,,,,,
29.0,63.96,89.0,3478.0,5758.0,,,,,,,
39.0,63.96,1.0,45.0,7042.0,,,,,,,
32.0,63.96,78.0,3221.0,7101.0,,,,,,,
36.0,63.96,1.0,44.0,7141.0,,,,,,,
32.0,63.96,73.0,3015.0,7143.0,,,,,,,
55.0,64.78,35.0,1665.0,6431.0,,,,,,,
29.0,64.78,83.0,3285.0,6466.0,,,,,,,
18.0,66.42,5.0,145.0,6471.0,,,,,,,
33.0,66.42,93.0,4052.0,6504.0,,,,,,,
49.0,69.7,26.0,1344.0,6507.0,,,,,,,
38.0,69.7,75.0,3654.0,3403.0,,,,,,,
40.0,70.52,20.0,1004.0,4390.0,,,,,,,
35.0,70.52,95.0,4522.0,4399.0,,,,,,,
38.0,71.34,27.0,1347.0,4405.0,,,,,,,
34.0,71.34,63.0,2993.0,4415.0,,,,,,,
38.0,71.34,13.0,648.0,3112.0,,,,,,,
32.0,71.34,75.0,3455.0,8923.0,,,,,,,
38.0,71.34,10.0,499.0,8933.0,,,,,,,
38.0,71.34,92.0,4588.0,8962.0,,,,,,,
51.0,72.16,13.0,696.0,9064.0,,,,,,,
32.0,72.16,86.0,4007.0,9080.0,,,,,,,
57.0,72.16,15.0,787.0,9119.0,,,,,,,
29.0,72.16,69.0,3042.0,9150.0,,,,,,,
58.0,76.26,14.0,772.0,4047.0,,,,,,,
37.0,76.26,90.0,4747.0,4065.0,,,,,,,
39.0,79.54,32.0,1797.0,3711.0,,,,,,,
34.0,79.54,86.0,4555.0,1012.0,,,,,,,
44.0,80.36,15.0,881.0,1031.0,,,,,,,
29.0,80.36,88.0,4320.0,1459.0,,,,,,,
39.0,81.18,39.0,2235.0,1463.0,,,,,,,
32.0,81.18,97.0,5084.0,1473.0,,,,,,,
53.0,82.82,24.0,1469.0,1497.0,,,,,,,
32.0,82.82,68.0,3636.0,1501.0,,,,,,,
39.0,84.46,17.0,1014.0,1506.0,,,,,,,
38.0,84.46,85.0,5019.0,123.0,,,,,,,
36.0,84.46,23.0,1328.0,486.0,,,,,,,
34.0,84.46,69.0,3880.0,830.0,,,,,,,
35.0,92.66,8.0,500.0,1175.0,,,,,,,
38.0,92.66,91.0,5895.0,1183.0,,,,,,,
45.0,98.4,16.0,1156.0,1212.0,,,,,,,
37.0,98.4,79.0,5377.0,1241.0,,,,,,,
43.0,103.32,28.0,2104.0,1307.0,,,,,,,
34.0,103.32,74.0,5091.0,535.0,,,,,,,
34.0,112.34,18.0,1346.0,577.0,,,,,,,
32.0,112.34,83.0,6020.0,618.0,,,,,,,
18.0,14.76,94.0,608.0,624.0,,,,,,,
23.0,15.58,3.0,25.0,760.0,,,,,,,
22.0,15.58,72.0,571.0,231.0,,,,,,,
25.0,15.58,14.0,121.0,2139.0,,,,,,,
33.0,15.58,99.0,1012.0,2162.0,,,,,,,
24.0,16.4,15.0,133.0,2173.0,,,,,,,
37.0,16.4,77.0,873.0,2253.0,,,,,,,
25.0,16.4,13.0,119.0,2261.0,,,,,,,
66.0,84.46,17.0,956.0,1940.0,,,,,,,
32.0,84.46,85.0,4635.0,1945.0,,,,,,,
69.0,84.46,23.0,1233.0,1970.0,,,,,,,
37.0,84.46,69.0,4031.0,2793.0,,,,,,,
57.0,92.66,8.0,539.0,195.0,,,,,,,
26.0,92.66,91.0,4814.0,107.0,,,,,,,
39.0,98.4,16.0,1111.0,811.0,,,,,,,
24.0,44.28,51.0,1222.0,2814.0,,,,,,,
37.0,44.28,55.0,1684.0,2829.0,,,,,,,
22.0,44.28,41.0,924.0,629.0,,,,,,,
51.0,44.28,44.0,1445.0,3645.0,,,,,,,
37.0,44.28,57.0,1746.0,3657.0,,,,,,,
37.0,44.28,46.0,1409.0,3667.0,,,,,,,
27.0,46.74,58.0,1585.0,3678.0,,,,,,,
44.0,46.74,55.0,1879.0,2079.0,,,,,,,
33.0,47.56,60.0,1872.0,2114.0,,,,,,,
53.0,47.56,46.0,1617.0,2130.0,,,,,,,
29.0,48.38,55.0,1626.0,3865.0,,,,,,,
43.0,48.38,41.0,1443.0,3878.0,,,,,,,
37.0,49.2,49.0,1667.0,3885.0,,,,,,,
38.0,49.2,40.0,1376.0,3887.0,,,,,,,
25.0,49.2,42.0,1150.0,3896.0,,,,,,,
62.0,49.2,52.0,1788.0,3955.0,,,,,,,
23.0,49.2,47.0,1215.0,3967.0,,,,,,,
52.0,49.2,50.0,1822.0,405.0,,,,,,,
17.0,50.02,42.0,880.0,615.0,,,,,,,
49.0,50.02,49.0,1817.0,876.0,,,,,,,
23.0,50.84,41.0,1095.0,4459.0,,,,,,,
40.0,50.84,48.0,1738.0,999.0,,,,,,,
32.0,50.84,59.0,1937.0,815.0,,,,,,,
38.0,50.84,55.0,1955.0,326.0,,,,,,,
22.0,50.84,56.0,1450.0,6215.0,,,,,,,
67.0,50.84,42.0,1401.0,6233.0,,,,,,,
26.0,51.66,50.0,1475.0,978.0,,,,,,,
46.0,51.66,46.0,1751.0,9507.0,,,,,,,
33.0,51.66,43.0,1457.0,9529.0,,,,,,,
49.0,51.66,48.0,1839.0,9530.0,,,,,,,
26.0,31.98,28.0,511.0,9560.0,,,,,,,
49.0,31.98,65.0,1541.0,9595.0,,,,,,,
29.0,32.8,55.0,1102.0,9596.0,,,,,,,
29.0,32.8,47.0,942.0,9597.0,,,,,,,
33.0,32.8,42.0,904.0,9612.0,,,,,,,
49.0,32.8,42.0,1021.0,9635.0,,,,,,,
35.0,34.44,52.0,1209.0,1577.0,,,,,,,
33.0,34.44,60.0,1356.0,1581.0,,,,,,,
58.0,35.26,54.0,1376.0,1592.0,,,,,,,
49.0,35.26,60.0,1569.0,1618.0,,,,,,,
45.0,35.26,45.0,1165.0,249.0,,,,,,,
50.0,35.26,41.0,1072.0,518.0,,,,,,,
71.0,36.08,50.0,1102.0,2521.0,,,,,,,
29.0,36.08,46.0,1014.0,930.0,,,,,,,
52.0,37.72,51.0,1425.0,399.0,,,,,,,
72.0,37.72,46.0,1038.0,504.0,,,,,,,
18.0,37.72,56.0,925.0,948.0,,,,,,,
69.0,37.72,55.0,1317.0,4452.0,,,,,,,
53.0,38.54,52.0,1481.0,6646.0,,,,,,,
65.0,38.54,59.0,1535.0,6678.0,,,,,,,
19.0,39.36,51.0,917.0,6694.0,,,,,,,
41.0,39.36,59.0,1667.0,6715.0,,,,,,,
70.0,39.36,50.0,1226.0,6720.0,,,,,,,
18.0,39.36,48.0,827.0,6721.0,,,,,,,
34.0,39.36,59.0,1546.0,6770.0,,,,,,,
72.0,39.36,47.0,1107.0,6815.0,,,,,,,
45.0,40.18,55.0,1623.0,3427.0,,,,,,,
62.0,40.18,42.0,1180.0,3436.0,,,,,,,
62.0,41.0,49.0,1404.0,3478.0,,,,,,,
58.0,41.0,56.0,1660.0,3498.0,,,,,,,
28.0,44.28,47.0,1245.0,3524.0,,,,,,,
43.0,44.28,54.0,1739.0,3525.0,,,,,,,
38.0,44.28,53.0,1641.0,3547.0,,,,,,,
25.0,44.28,48.0,1182.0,3619.0,,,,,,,
49.0,44.28,52.0,1707.0,3629.0,,,,,,,
56.0,44.28,42.0,1360.0,6424.0,,,,,,,
38.0,44.28,51.0,1579.0,3165.0,,,,,,,
69.0,44.28,55.0,1546.0,9875.0,,,,,,,
44.0,44.28,41.0,1327.0,515.0,,,,,,,
23.0,44.28,44.0,1024.0,283.0,,,,,,,
46.0,44.28,57.0,1860.0,2285.0,,,,,,,
54.0,44.28,46.0,1501.0,2286.0,,,,,,,
24.0,46.74,58.0,1467.0,2296.0,,,,,,,
36.0,46.74,55.0,1757.0,2324.0,,,,,,,
49.0,47.56,60.0,2116.0,2326.0,,,,,,,
70.0,47.56,46.0,1363.0,2371.0,,,,,,,
17.0,48.38,55.0,1114.0,2387.0,,,,,,,
46.0,48.38,41.0,1462.0,2404.0,,,,,,,
38.0,49.2,49.0,1685.0,5429.0,,,,,,,
34.0,49.2,40.0,1310.0,5430.0,,,,,,,
26.0,49.2,42.0,1180.0,5453.0,,,,,,,
45.0,49.2,52.0,1879.0,5493.0,,,,,,,
29.0,63.14,74.0,2855.0,5510.0,,,,,,,
46.0,63.96,22.0,1037.0,5512.0,,,,,,,
22.0,63.96,90.0,2931.0,8235.0,,,,,,,
25.0,63.96,17.0,605.0,8275.0,,,,,,,
49.0,63.96,88.0,4174.0,2849.0,,,,,,,
69.0,63.96,20.0,812.0,2870.0,,,,,,,
28.0,63.96,76.0,2908.0,2874.0,,,,,,,
49.0,63.96,16.0,759.0,2877.0,,,,,,,
23.0,63.96,89.0,2991.0,2457.0,,,,,,,
68.0,63.96,1.0,41.0,2495.0,,,,,,,
53.0,63.96,78.0,3687.0,2518.0,,,,,,,
70.0,63.96,1.0,40.0,10196.0,,,,,,,
68.0,63.96,73.0,3015.0,10232.0,,,,,,,
67.0,64.78,35.0,1487.0,10240.0,,,,,,,
18.0,64.78,83.0,2355.0,10241.0,,,,,,,
38.0,66.42,5.0,232.0,10270.0,,,,,,,
18.0,66.42,93.0,2705.0,10281.0,,,,,,,
17.0,69.7,26.0,759.0,4470.0,,,,,,,
18.0,69.7,75.0,2289.0,4477.0,,,,,,,
65.0,70.52,20.0,952.0,4491.0,,,,,,,
49.0,70.52,95.0,4968.0,2795.0,,,,,,,
50.0,71.34,27.0,1429.0,2807.0,,,,,,,
49.0,71.34,63.0,3333.0,2811.0,,,,,,,
29.0,71.34,13.0,567.0,7373.0,,,,,,,
38.0,71.34,75.0,3740.0,7381.0,,,,,,,
38.0,71.34,10.0,499.0,7384.0,,,,,,,
39.0,71.34,92.0,4633.0,7532.0,,,,,,,
25.0,72.16,13.0,522.0,7533.0,,,,,,,
33.0,72.16,86.0,4071.0,7573.0,,,,,,,
41.0,72.16,15.0,777.0,7600.0,,,,,,,
38.0,72.16,69.0,3481.0,4619.0,,,,,,,
58.0,76.26,14.0,772.0,4673.0,,,,,,,
38.0,76.26,90.0,4798.0,4692.0,,,,,,,
45.0,79.54,32.0,1869.0,4702.0,,,,,,,
39.0,79.54,86.0,4829.0,4712.0,,,,,,,
27.0,80.36,15.0,705.0,6271.0,,,,,,,
33.0,80.36,88.0,4639.0,6287.0,,,,,,,
22.0,81.18,39.0,1612.0,6310.0,,,,,,,
29.0,81.18,97.0,4811.0,10995.0,,,,,,,
42.0,82.82,24.0,1437.0,11003.0,,,,,,,
34.0,82.82,68.0,3750.0,11004.0,,,,,,,
18.0,84.46,17.0,629.0,11025.0,,,,,,,
37.0,84.46,85.0,4965.0,11056.0,,,,,,,
56.0,84.46,23.0,1420.0,11084.0,,,,,,,
34.0,84.46,69.0,3880.0,11086.0,,,,,,,
32.0,71.34,63.0,2902.0,3153.0,,,,,,,
34.0,71.34,13.0,618.0,3158.0,,,,,,,
27.0,71.34,75.0,3129.0,3267.0,,,,,,,
32.0,71.34,10.0,461.0,3277.0,,,,,,,
46.0,71.34,92.0,4837.0,5726.0,,,,,,,
34.0,72.16,13.0,625.0,5740.0,,,,,,,
36.0,72.16,86.0,4242.0,5758.0,,,,,,,
36.0,72.16,15.0,740.0,7042.0,,,,,,,
41.0,72.16,69.0,3574.0,7101.0,,,,,,,
39.0,76.26,14.0,754.0,7141.0,,,,,,,
42.0,76.26,90.0,4961.0,7143.0,,,,,,,
38.0,79.54,32.0,1779.0,6431.0,,,,,,,
45.0,79.54,86.0,5023.0,6466.0,,,,,,,
29.0,80.36,15.0,736.0,6471.0,,,,,,,
39.0,80.36,88.0,4992.0,6504.0,,,,,,,
32.0,81.18,39.0,2044.0,6507.0,,,,,,,
36.0,81.18,97.0,5383.0,3403.0,,,,,,,
32.0,82.82,24.0,1283.0,4390.0,,,,,,,
55.0,82.82,68.0,4136.0,4399.0,,,,,,,
29.0,84.46,17.0,877.0,4405.0,,,,,,,
18.0,84.46,85.0,3144.0,4415.0,,,,,,,
33.0,84.46,23.0,1274.0,3112.0,,,,,,,
49.0,84.46,69.0,4321.0,8923.0,,,,,,,
38.0,92.66,8.0,518.0,8933.0,,,,,,,
40.0,92.66,91.0,6005.0,8962.0,,,,,,,
35.0,98.4,16.0,1063.0,9064.0,,,,,,,
38.0,98.4,79.0,5434.0,9080.0,,,,,,,
34.0,39.36,48.0,1258.0,9119.0,,,,,,,
38.0,39.36,59.0,1623.0,9150.0,,,,,,,
32.0,39.36,47.0,1194.0,4047.0,,,,,,,
38.0,40.18,55.0,1545.0,4065.0,,,,,,,
38.0,40.18,42.0,1180.0,3711.0,,,,,,,
51.0,41.0,49.0,1490.0,1473.0,,,,,,,
32.0,41.0,56.0,1482.0,1497.0,,,,,,,
57.0,44.28,47.0,1514.0,1501.0,,,,,,,
29.0,44.28,54.0,1461.0,1506.0,,,,,,,
58.0,44.28,53.0,1696.0,123.0,,,,,,,
37.0,44.28,48.0,1470.0,486.0,,,,,,,
39.0,44.28,52.0,1625.0,830.0,,,,,,,
34.0,44.28,42.0,1238.0,1175.0,,,,,,,
44.0,44.28,51.0,1651.0,1183.0,,,,,,,
29.0,44.28,55.0,1488.0,1212.0,,,,,,,
39.0,44.28,41.0,1282.0,1241.0,,,,,,,
32.0,44.28,44.0,1258.0,1307.0,,,,,,,
53.0,44.28,57.0,1866.0,535.0,,,,,,,
32.0,44.28,46.0,1315.0,577.0,,,,,,,
39.0,46.74,58.0,1914.0,618.0,,,,,,,
38.0,46.74,55.0,1797.0,624.0,,,,,,,
36.0,47.56,60.0,1951.0,760.0,,,,,,,
34.0,47.56,46.0,1457.0,231.0,,,,,,,
35.0,48.38,55.0,1796.0,2139.0,,,,,,,
38.0,48.38,41.0,1387.0,2162.0,,,,,,,
45.0,49.2,49.0,1770.0,2173.0,,,,,,,
37.0,49.2,40.0,1361.0,2253.0,,,,,,,
43.0,49.2,42.0,1503.0,2261.0,,,,,,,
34.0,49.2,52.0,1703.0,1940.0,,,,,,,
34.0,49.2,47.0,1540.0,1945.0,,,,,,,
32.0,49.2,50.0,1588.0,1970.0,,,,,,,
18.0,31.98,65.0,910.0,2793.0,,,,,,,
23.0,32.8,55.0,948.0,195.0,,,,,,,
22.0,32.8,47.0,785.0,107.0,,,,,,,
25.0,32.8,42.0,766.0,811.0,,,,,,,
33.0,32.8,42.0,904.0,2814.0,,,,,,,
24.0,34.44,52.0,969.0,2829.0,,,,,,,
37.0,34.44,60.0,1429.0,629.0,,,,,,,
25.0,35.26,54.0,1059.0,3645.0,,,,,,,
66.0,35.26,60.0,1409.0,3657.0,,,,,,,
32.0,35.26,45.0,1024.0,3667.0,,,,,,,
69.0,35.26,41.0,918.0,3678.0,,,,,,,
37.0,36.08,50.0,1248.0,2079.0,,,,,,,
57.0,36.08,46.0,1207.0,2114.0,,,,,,,
26.0,37.72,51.0,1098.0,2130.0,,,,,,,
39.0,37.72,46.0,1225.0,3865.0,,,,,,,
24.0,37.72,56.0,1143.0,3878.0,,,,,,,
37.0,37.72,55.0,1435.0,3885.0,,,,,,,
22.0,38.54,52.0,1020.0,3887.0,,,,,,,
51.0,38.54,59.0,1686.0,3896.0,,,,,,,
37.0,39.36,51.0,1388.0,3955.0,,,,,,,
37.0,39.36,59.0,1606.0,3967.0,,,,,,,
27.0,39.36,50.0,1151.0,405.0,,,,,,,
44.0,39.36,48.0,1381.0,615.0,,,,,,,
33.0,39.36,59.0,1523.0,876.0,,,,,,,
53.0,39.36,47.0,1367.0,4459.0,,,,,,,
29.0,40.18,55.0,1350.0,999.0,,,,,,,
43.0,40.18,42.0,1227.0,815.0,,,,,,,
37.0,41.0,49.0,1390.0,326.0,,,,,,,
38.0,41.0,56.0,1605.0,6215.0,,,,,,,
25.0,44.28,47.0,1158.0,6233.0,,,,,,,
62.0,44.28,54.0,1672.0,978.0,,,,,,,
23.0,44.28,53.0,1233.0,9507.0,,,,,,,
52.0,44.28,48.0,1574.0,9529.0,,,,,,,
17.0,44.28,52.0,964.0,9530.0,,,,,,,
49.0,44.28,42.0,1379.0,9560.0,,,,,,,
23.0,44.28,51.0,1187.0,9595.0,,,,,,,
40.0,44.28,55.0,1734.0,9596.0,,,,,,,
32.0,15.58,72.0,724.0,9597.0,,,,,,,
38.0,15.58,14.0,152.0,9612.0,,,,,,,
22.0,15.58,99.0,785.0,9635.0,,,,,,,
67.0,16.4,15.0,161.0,1577.0,,,,,,,
26.0,16.4,77.0,721.0,1581.0,,,,,,,
46.0,16.4,13.0,157.0,1592.0,,,,,,,
33.0,16.4,79.0,850.0,1618.0,,,,,,,
49.0,17.22,35.0,447.0,249.0,,,,,,,
26.0,17.22,66.0,649.0,518.0,,,,,,,
49.0,18.86,29.0,406.0,2521.0,,,,,,,
29.0,18.86,98.0,1129.0,930.0,,,,,,,
29.0,19.68,35.0,421.0,399.0,,,,,,,
33.0,19.68,73.0,942.0,504.0,,,,,,,
49.0,20.5,5.0,76.0,948.0,,,,,,,
35.0,20.5,73.0,1010.0,4452.0,,,,,,,
33.0,22.96,14.0,211.0,6646.0,,,,,,,
58.0,22.96,82.0,1361.0,6678.0,,,,,,,
49.0,22.96,32.0,545.0,6694.0,,,,,,,
45.0,22.96,61.0,1029.0,6715.0,,,,,,,
50.0,23.78,31.0,547.0,6720.0,,,,,,,
71.0,23.78,87.0,1264.0,6721.0,,,,,,,
29.0,24.6,4.0,60.0,6770.0,,,,,,,
52.0,24.6,73.0,1330.0,6815.0,,,,,,,
72.0,27.06,4.0,65.0,3427.0,,,,,,,
18.0,27.06,92.0,1090.0,3436.0,,,,,,,
69.0,27.06,14.0,240.0,3478.0,,,,,,,
53.0,27.06,81.0,1620.0,3498.0,,,,,,,
65.0,27.88,17.0,320.0,3524.0,,,,,,,
19.0,27.88,73.0,929.0,3525.0,,,,,,,
41.0,30.34,26.0,566.0,3547.0,,,,,,,
70.0,30.34,75.0,1418.0,3619.0,,,,,,,
18.0,31.16,35.0,478.0,3629.0,,,,,,,
34.0,66.42,5.0,221.0,6424.0,,,,,,,
72.0,66.42,93.0,3695.0,3165.0,,,,,,,
45.0,69.7,26.0,1331.0,9875.0,,,,,,,
62.0,69.7,75.0,3654.0,515.0,,,,,,,
62.0,70.52,20.0,986.0,283.0,,,,,,,
58.0,70.52,95.0,4842.0,2285.0,,,,,,,
28.0,71.34,27.0,1152.0,2286.0,,,,,,,
43.0,71.34,63.0,3269.0,2296.0,,,,,,,
38.0,71.34,13.0,648.0,2324.0,,,,,,,
25.0,71.34,75.0,2977.0,2326.0,,,,,,,
49.0,71.34,10.0,529.0,2371.0,,,,,,,
56.0,71.34,92.0,4799.0,2387.0,,,,,,,
38.0,72.16,13.0,656.0,2404.0,,,,,,,
69.0,72.16,86.0,3939.0,5429.0,,,,,,,
44.0,72.16,15.0,791.0,5430.0,,,,,,,
23.0,72.16,69.0,2616.0,5453.0,,,,,,,
46.0,76.26,14.0,787.0,5493.0,,,,,,,
54.0,76.26,90.0,5059.0,5510.0,,,,,,,
24.0,79.54,32.0,1378.0,5512.0,,,,,,,
36.0,79.54,86.0,4676.0,8235.0,,,,,,,
49.0,80.36,15.0,894.0,8275.0,,,,,,,
70.0,80.36,88.0,4406.0,2849.0,,,,,,,
17.0,81.18,39.0,1326.0,2870.0,,,,,,,
46.0,81.18,97.0,5804.0,2874.0,,,,,,,
38.0,82.82,24.0,1390.0,2877.0,,,,,,,
34.0,82.82,68.0,3750.0,2457.0,,,,,,,
26.0,84.46,17.0,820.0,2495.0,,,,,,,
45.0,84.46,85.0,5272.0,2518.0,,,,,,,
29.0,84.46,23.0,1187.0,10196.0,,,,,,,
46.0,84.46,69.0,4295.0,10232.0,,,,,,,
22.0,92.66,8.0,377.0,10240.0,,,,,,,
25.0,92.66,91.0,4691.0,10241.0,,,,,,,
49.0,98.4,16.0,1167.0,10270.0,,,,,,,
69.0,98.4,79.0,4934.0,10281.0,,,,,,,
28.0,103.32,28.0,1731.0,4470.0,,,,,,,
49.0,103.32,74.0,5669.0,4477.0,,,,,,,
23.0,112.34,18.0,1063.0,4491.0,,,,,,,
68.0,112.34,83.0,6020.0,2795.0,,,,,,,
53.0,12.3,39.0,355.0,2807.0,,,,,,,
70.0,12.3,81.0,621.0,2811.0,,,,,,,
68.0,13.12,6.0,51.0,7373.0,,,,,,,
67.0,13.12,77.0,663.0,7381.0,,,,,,,
18.0,12.3,81.0,436.0,7384.0,,,,,,,
38.0,13.12,6.0,55.0,7532.0,,,,,,,
18.0,13.12,77.0,442.0,7533.0,,,,,,,
17.0,13.94,40.0,233.0,7573.0,,,,,,,
18.0,13.94,76.0,464.0,7600.0,,,,,,,
65.0,14.76,6.0,60.0,4619.0,,,,,,,
49.0,14.76,94.0,1029.0,4673.0,,,,,,,
50.0,15.58,3.0,35.0,4692.0,,,,,,,
49.0,15.58,72.0,832.0,4702.0,,,,,,,
29.0,15.58,14.0,133.0,4712.0,,,,,,,
38.0,15.58,99.0,1078.0,6271.0,,,,,,,
38.0,16.4,15.0,172.0,6287.0,,,,,,,
39.0,16.4,77.0,891.0,6310.0,,,,,,,
25.0,16.4,13.0,119.0,10995.0,,,,,,,
33.0,16.4,79.0,850.0,11003.0,,,,,,,
41.0,17.22,35.0,433.0,11004.0,,,,,,,
38.0,17.22,66.0,795.0,11025.0,,,,,,,
58.0,18.86,29.0,395.0,11056.0,,,,,,,
38.0,18.86,98.0,1292.0,11084.0,,,,,,,
45.0,19.68,35.0,506.0,11086.0,,,,,,,
39.0,19.68,73.0,1014.0,3153.0,,,,,,,
27.0,20.5,5.0,60.0,3158.0,,,,,,,
33.0,20.5,73.0,982.0,3267.0,,,,,,,
22.0,22.96,14.0,164.0,3277.0,,,,,,,
29.0,22.96,82.0,1150.0,5726.0,,,,,,,
42.0,22.96,32.0,531.0,5740.0,,,,,,,
34.0,22.96,61.0,933.0,5758.0,,,,,,,
18.0,23.78,31.0,323.0,7042.0,,,,,,,
37.0,23.78,87.0,1431.0,7101.0,,,,,,,
56.0,24.6,4.0,72.0,7141.0,,,,,,,
34.0,24.6,73.0,1196.0,7143.0,,,,,,,
32.0,27.06,4.0,70.0,6431.0,,,,,,,
34.0,27.06,92.0,1658.0,6466.0,,,,,,,
27.0,27.06,14.0,222.0,6471.0,,,,,,,
32.0,72.16,86.0,4007.0,6504.0,,,,,,,
46.0,72.16,15.0,798.0,6507.0,,,,,,,
34.0,72.16,69.0,3315.0,3403.0,,,,,,,
36.0,76.26,14.0,730.0,4390.0,,,,,,,
36.0,76.26,90.0,4692.0,4399.0,,,,,,,
41.0,79.54,32.0,1827.0,4405.0,,,,,,,
39.0,79.54,86.0,4829.0,4415.0,,,,,,,
42.0,80.36,15.0,871.0,3112.0,,,,,,,
38.0,80.36,88.0,4944.0,8923.0,,,,,,,
45.0,81.18,39.0,2325.0,8933.0,,,,,,,
29.0,81.18,97.0,4811.0,8962.0,,,,,,,
39.0,82.82,24.0,1403.0,9064.0,,,,,,,
32.0,82.82,68.0,3636.0,9080.0,,,,,,,
36.0,84.46,17.0,982.0,9119.0,,,,,,,
32.0,84.46,85.0,4635.0,9150.0,,,,,,,
55.0,84.46,23.0,1427.0,4047.0,,,,,,,
29.0,84.46,69.0,3560.0,4065.0,,,,,,,
18.0,92.66,8.0,325.0,3711.0,,,,,,,
33.0,92.66,91.0,5532.0,453.0,,,,,,,
49.0,98.4,16.0,1167.0,466.0,,,,,,,
38.0,98.4,79.0,5434.0,254.0,,,,,,,
40.0,103.32,28.0,2060.0,263.0,,,,,,,
35.0,103.32,74.0,5161.0,291.0,,,,,,,
38.0,112.34,18.0,1414.0,977.0,,,,,,,
34.0,112.34,83.0,6208.0,979.0,,,,,,,
38.0,12.3,39.0,335.0,1012.0,,,,,,,
32.0,12.3,81.0,643.0,1031.0,,,,,,,
38.0,13.12,6.0,55.0,453.0,,,,,,,
38.0,13.12,77.0,706.0,466.0,,,,,,,
51.0,13.94,40.0,413.0,254.0,,,,,,,
32.0,13.94,76.0,684.0,263.0,,,,,,,
57.0,14.76,6.0,64.0,291.0,,,,,,,
29.0,18.86,98.0,1129.0,977.0,,,,,,,
58.0,19.68,35.0,498.0,979.0,,,,,,,
37.0,19.68,73.0,994.0,1012.0,,,,,,,
39.0,20.5,5.0,72.0,1031.0,,,,,,,
34.0,20.5,73.0,996.0,1459.0,,,,,,,
44.0,22.96,14.0,235.0,1463.0,,,,,,,
29.0,22.96,82.0,1150.0,1473.0,,,,,,,
39.0,22.96,32.0,519.0,1497.0,,,,,,,
32.0,22.96,61.0,904.0,1501.0,,,,,,,
53.0,23.78,31.0,545.0,1506.0,,,,,,,
32.0,23.78,87.0,1336.0,123.0,,,,,,,
39.0,24.6,4.0,69.0,486.0,,,,,,,
38.0,24.6,73.0,1255.0,830.0,,,,,,,
36.0,27.06,4.0,74.0,1175.0,,,,,,,
34.0,27.06,92.0,1658.0,1183.0,,,,,,,
35.0,27.06,14.0,256.0,1212.0,,,,,,,
38.0,27.06,81.0,1532.0,1241.0,,,,,,,
45.0,27.88,17.0,348.0,1307.0,,,,,,,
37.0,27.88,73.0,1408.0,535.0,,,,,,,
43.0,30.34,26.0,574.0,577.0,,,,,,,
34.0,30.34,75.0,1515.0,618.0,,,,,,,
34.0,31.16,35.0,726.0,624.0,,,,,,,
32.0,31.16,92.0,1851.0,760.0,,,,,,,
18.0,31.98,36.0,504.0,231.0,,,,,,,
23.0,12.3,39.0,252.0,2139.0,,,,,,,
22.0,12.3,81.0,507.0,2162.0,,,,,,,
25.0,13.12,6.0,44.0,2173.0,,,,,,,
33.0,13.12,77.0,663.0,2253.0,,,,,,,
24.0,13.94,40.0,302.0,2261.0,,,,,,,
37.0,13.94,76.0,733.0,1940.0,,,,,,,
25.0,14.76,6.0,49.0,1945.0,,,,,,,
66.0,14.76,94.0,924.0,1970.0,,,,,,,
32.0,15.58,3.0,30.0,2793.0,,,,,,,
69.0,15.58,72.0,712.0,195.0,,,,,,,
37.0,15.58,14.0,151.0,107.0,,,,,,,
57.0,15.58,99.0,1122.0,811.0,,,,,,,
26.0,16.4,15.0,140.0,2814.0,,,,,,,
39.0,16.4,77.0,891.0,2829.0,,,,,,,
24.0,16.4,13.0,115.0,629.0,,,,,,,
37.0,16.4,79.0,896.0,3645.0,,,,,,,
22.0,17.22,35.0,307.0,3657.0,,,,,,,
51.0,17.22,66.0,843.0,3667.0,,,,,,,
37.0,18.86,29.0,378.0,3678.0,,,,,,,
37.0,18.86,98.0,1278.0,2079.0,,,,,,,
27.0,19.68,35.0,403.0,2114.0,,,,,,,
44.0,19.68,73.0,1050.0,2130.0,,,,,,,
33.0,20.5,5.0,67.0,3865.0,,,,,,,
53.0,20.5,73.0,1106.0,3878.0,,,,,,,
29.0,22.96,14.0,196.0,3885.0,,,,,,,
43.0,22.96,82.0,1369.0,3887.0,,,,,,,
37.0,22.96,32.0,508.0,3896.0,,,,,,,
38.0,22.96,61.0,979.0,3955.0,,,,,,,
25.0,23.78,31.0,410.0,3967.0,,,,,,,
62.0,23.78,87.0,1446.0,405.0,,,,,,,
23.0,24.6,4.0,52.0,615.0,,,,,,,
52.0,24.6,73.0,1330.0,876.0,,,,,,,
17.0,27.06,4.0,45.0,4459.0,,,,,,,
49.0,27.06,92.0,1846.0,999.0,,,,,,,
23.0,27.06,14.0,199.0,815.0,,,,,,,
40.0,14.76,6.0,63.0,326.0,,,,,,,
32.0,14.76,94.0,896.0,6215.0,,,,,,,
38.0,15.58,3.0,33.0,6233.0,,,,,,,
22.0,15.58,72.0,571.0,978.0,,,,,,,
67.0,15.58,14.0,143.0,9507.0,,,,,,,
26.0,15.58,99.0,881.0,9529.0,,,,,,,
46.0,16.4,15.0,181.0,9530.0,,,,,,,
33.0,16.4,77.0,828.0,9560.0,,,,,,,
49.0,16.4,13.0,158.0,9595.0,,,,,,,
26.0,16.4,79.0,740.0,9596.0,,,,,,,
49.0,17.22,35.0,447.0,9597.0,,,,,,,
29.0,17.22,66.0,694.0,9612.0,,,,,,,
29.0,18.86,29.0,334.0,9635.0,,,,,,,
33.0,18.86,98.0,1213.0,1577.0,,,,,,,
49.0,19.68,35.0,511.0,1581.0,,,,,,,
35.0,19.68,73.0,970.0,1592.0,,,,,,,
33.0,20.5,5.0,67.0,1618.0,,,,,,,
58.0,20.5,73.0,1082.0,249.0,,,,,,,
49.0,22.96,14.0,238.0,518.0,,,,,,,
45.0,22.96,82.0,1383.0,2521.0,,,,,,,
50.0,22.96,32.0,545.0,930.0,,,,,,,
71.0,22.96,61.0,856.0,399.0,,,,,,,
29.0,23.78,31.0,450.0,504.0,,,,,,,
52.0,23.78,87.0,1532.0,948.0,,,,,,,
72.0,24.6,4.0,59.0,4452.0,,,,,,,
18.0,24.6,73.0,786.0,6646.0,,,,,,,
69.0,84.46,23.0,1233.0,6678.0,,,,,,,
53.0,84.46,69.0,4307.0,6694.0,,,,,,,
65.0,92.66,8.0,500.0,6715.0,,,,,,,
19.0,92.66,91.0,3850.0,6720.0,,,,,,,
41.0,98.4,16.0,1130.0,6721.0,,,,,,,
70.0,98.4,79.0,4844.0,6770.0,,,,,,,
18.0,103.32,28.0,1267.0,6815.0,,,,,,,
34.0,103.32,74.0,5091.0,3427.0,,,,,,,
72.0,112.34,18.0,1210.0,3436.0,,,,,,,
45.0,112.34,83.0,6847.0,3478.0,,,,,,,
62.0,12.3,39.0,335.0,3498.0,,,,,,,
62.0,12.3,81.0,696.0,3524.0,,,,,,,
58.0,13.12,6.0,57.0,3525.0,,,,,,,
28.0,13.12,77.0,604.0,3547.0,,,,,,,
43.0,13.94,40.0,406.0,3619.0,,,,,,,
38.0,13.94,76.0,741.0,3629.0,,,,,,,
25.0,14.76,6.0,49.0,6424.0,,,,,,,
49.0,14.76,94.0,1029.0,3165.0,,,,,,,
56.0,15.58,3.0,34.0,9875.0,,,,,,,
38.0,15.58,72.0,784.0,515.0,,,,,,,
69.0,15.58,14.0,138.0,283.0,,,,,,,
44.0,15.58,99.0,1128.0,2285.0,,,,,,,
23.0,16.4,15.0,129.0,2286.0,,,,,,,
46.0,16.4,77.0,931.0,2296.0,,,,,,,
54.0,16.4,13.0,157.0,2324.0,,,,,,,
24.0,16.4,79.0,701.0,2326.0,,,,,,,
36.0,17.22,35.0,412.0,2371.0,,,,,,,
49.0,17.22,66.0,843.0,2387.0,,,,,,,
70.0,18.86,29.0,341.0,2404.0,,,,,,,
17.0,18.86,98.0,774.0,5429.0,,,,,,,
46.0,19.68,35.0,508.0,5430.0,,,,,,,
38.0,19.68,73.0,1004.0,5453.0,,,,,,,
34.0,20.5,5.0,68.0,5493.0,,,,,,,
26.0,20.5,73.0,854.0,5510.0,,,,,,,
45.0,22.96,14.0,236.0,5512.0,,,,,,,
29.0,22.96,82.0,1150.0,8235.0,,,,,,,
46.0,22.96,32.0,542.0,8275.0,,,,,,,
22.0,22.96,61.0,713.0,2849.0,,,,,,,
25.0,23.78,31.0,410.0,2870.0,,,,,,,
49.0,23.78,87.0,1534.0,2874.0,,,,,,,
69.0,24.6,4.0,62.0,2877.0,,,,,,,
28.0,24.6,73.0,1074.0,2457.0,,,,,,,
49.0,31.98,36.0,854.0,2495.0,,,,,,,
23.0,31.98,61.0,1025.0,2518.0,,,,,,,
68.0,31.98,28.0,578.0,10196.0,,,,,,,
53.0,31.98,65.0,1536.0,10232.0,,,,,,,
70.0,32.8,55.0,1124.0,10240.0,,,,,,,
68.0,32.8,47.0,995.0,10241.0,,,,,,,
67.0,32.8,42.0,904.0,10270.0,,,,,,,
18.0,32.8,42.0,603.0,10281.0,,,,,,,
38.0,34.44,52.0,1252.0,4470.0,,,,,,,
18.0,34.44,60.0,905.0,4477.0,,,,,,,
17.0,35.26,54.0,797.0,4491.0,,,,,,,
18.0,35.26,60.0,927.0,2795.0,,,,,,,
65.0,35.26,45.0,1071.0,2807.0,,,,,,,
49.0,35.26,41.0,1072.0,2811.0,,,,,,,
50.0,36.08,50.0,1338.0,7373.0,,,,,,,
49.0,36.08,46.0,1231.0,7381.0,,,,,,,
29.0,37.72,51.0,1175.0,7384.0,,,,,,,
38.0,37.72,46.0,1213.0,7532.0,,,,,,,
38.0,37.72,56.0,1477.0,7533.0,,,,,,,
39.0,37.72,55.0,1464.0,7573.0,,,,,,,
25.0,38.54,52.0,1115.0,7600.0,,,,,,,
33.0,38.54,59.0,1492.0,4619.0,,,,,,,
41.0,39.36,51.0,1441.0,4673.0,,,,,,,
38.0,39.36,59.0,1623.0,4692.0,,,,,,,
58.0,39.36,50.0,1422.0,4702.0,,,,,,,
38.0,39.36,48.0,1321.0,4712.0,,,,,,,
45.0,39.36,59.0,1705.0,6271.0,,,,,,,
39.0,39.36,47.0,1306.0,6287.0,,,,,,,
27.0,40.18,55.0,1292.0,6310.0,,,,,,,
33.0,40.18,42.0,1107.0,10995.0,,,,,,,
22.0,41.0,49.0,1023.0,11003.0,,,,,,,
29.0,41.0,56.0,1403.0,11004.0,,,,,,,
42.0,44.28,47.0,1504.0,11025.0,,,,,,,
34.0,44.28,54.0,1592.0,11056.0,,,,,,,
18.0,44.28,53.0,1028.0,11084.0,,,,,,,
37.0,44.28,48.0,1470.0,11086.0,,,,,,,
56.0,44.28,52.0,1683.0,3153.0,,,,,,,
34.0,44.28,42.0,1238.0,3158.0,,,,,,,
32.0,44.28,51.0,1458.0,3267.0,,,,,,,
34.0,44.28,55.0,1622.0,3277.0,,,,,,,
27.0,44.28,41.0,1062.0,5726.0,,,,,,,
32.0,44.28,44.0,1258.0,5740.0,,,,,,,
46.0,44.28,57.0,1860.0,5758.0,,,,,,,
34.0,44.28,46.0,1356.0,7042.0,,,,,,,
36.0,46.74,58.0,1853.0,7101.0,,,,,,,
36.0,46.74,55.0,1757.0,7141.0,,,,,,,
41.0,47.56,60.0,2048.0,7143.0,,,,,,,
39.0,47.56,46.0,1544.0,6431.0,,,,,,,
42.0,48.38,55.0,1923.0,6466.0,,,,,,,
38.0,48.38,41.0,1387.0,6471.0,,,,,,,
45.0,49.2,49.0,1770.0,6504.0,,,,,,,
29.0,49.2,40.0,1202.0,6507.0,,,,,,,
39.0,49.2,42.0,1459.0,3403.0,,,,,,,
32.0,49.2,52.0,1652.0,4390.0,,,,,,,
36.0,12.3,39.0,328.0,4399.0,,,,,,,
32.0,12.3,81.0,643.0,4405.0,,,,,,,
55.0,13.12,6.0,58.0,4415.0,,,,,,,
29.0,13.12,77.0,617.0,3112.0,,,,,,,
18.0,13.94,40.0,244.0,8923.0,,,,,,,
33.0,13.94,76.0,695.0,8933.0,,,,,,,
49.0,14.76,6.0,66.0,8962.0,,,,,,,
38.0,14.76,94.0,970.0,9064.0,,,,,,,
40.0,15.58,3.0,33.0,9080.0,,,,,,,
35.0,15.58,72.0,757.0,9119.0,,,,,,,
38.0,15.58,14.0,152.0,9150.0,,,,,,,
34.0,15.58,99.0,1027.0,4047.0,,,,,,,
38.0,16.4,15.0,172.0,4065.0,,,,,,,
32.0,16.4,77.0,815.0,3711.0,,,,,,,
38.0,16.4,13.0,149.0,453.0,,,,,,,
38.0,16.4,79.0,906.0,466.0,,,,,,,
51.0,17.22,35.0,447.0,254.0,,,,,,,
32.0,17.22,66.0,734.0,263.0,,,,,,,
57.0,18.86,29.0,398.0,291.0,,,,,,,
29.0,18.86,98.0,1129.0,977.0,,,,,,,
58.0,19.68,35.0,498.0,979.0,,,,,,,
37.0,19.68,73.0,994.0,1012.0,,,,,,,
39.0,20.5,5.0,72.0,1031.0,,,,,,,
34.0,84.46,17.0,956.0,453.0,,,,,,,
44.0,84.46,85.0,5249.0,466.0,,,,,,,
29.0,84.46,23.0,1187.0,254.0,,,,,,,
39.0,84.46,69.0,4114.0,263.0,,,,,,,
32.0,92.66,8.0,479.0,291.0,,,,,,,
53.0,92.66,91.0,6232.0,977.0,,,,,,,
32.0,98.4,16.0,1017.0,979.0,,,,,,,
39.0,92.66,8.0,523.0,1012.0,,,,,,,
38.0,16.4,15.0,172.0,1031.0,,,,,,,
36.0,16.4,77.0,863.0,453.0,,,,,,,
34.0,16.4,13.0,142.0,466.0,,,,,,,
35.0,84.46,17.0,969.0,254.0,,,,,,,
38.0,84.46,85.0,5019.0,263.0,,,,,,,
45.0,84.46,23.0,1427.0,291.0,,,,,,,
37.0,84.46,69.0,4031.0,977.0,,,,,,,
43.0,92.66,8.0,539.0,979.0,,,,,,,
34.0,92.66,91.0,5614.0,1012.0,,,,,,,
34.0,98.4,16.0,1048.0,1031.0,,,,,,,
32.0,92.66,8.0,479.0,453.0,,,,,,,
,,,,,1.0,107.0,Wii,2006.0,34.02,23.8,67.85
,,,,,2.0,123.0,NES,1985.0,23.85,2.94,33.0
,,,,,3.0,195.0,Wii,2008.0,13.0,10.56,29.37
,,,,,4.0,231.0,Wii,2009.0,12.92,9.03,27.06
,,,,,5.0,249.0,GB,1996.0,9.24,7.29,25.72
,,,,,6.0,254.0,GB,1989.0,19.02,1.85,24.81
,,,,,7.0,263.0,DS,2006.0,9.33,7.57,24.61
,,,,,8.0,283.0,Wii,2006.0,11.5,7.54,23.8
,,,,,9.0,291.0,Wii,2009.0,11.96,5.79,23.47
,,,,,10.0,326.0,NES,1984.0,22.08,0.52,23.21
,,,,,11.0,399.0,DS,2005.0,7.44,9.02,20.3
,,,,,12.0,405.0,DS,2005.0,8.04,6.21,19.2
,,,,,13.0,453.0,GB,1999.0,7.38,5.07,18.94
,,,,,14.0,466.0,Wii,2007.0,7.33,6.58,18.63
,,,,,15.0,486.0,Wii,2009.0,7.45,7.04,18.04
,,,,,16.0,504.0,X360,2010.0,12.28,4.05,17.89
,,,,,17.0,515.0,PS3,2013.0,5.75,7.6,17.55
,,,,,18.0,518.0,PS2,2004.0,7.73,0.33,17.06
,,,,,19.0,535.0,SNES,1990.0,10.48,3.08,16.9
,,,,,20.0,577.0,DS,2005.0,3.9,7.59,16.58
,,,,,21.0,615.0,DS,2006.0,5.26,3.71,15.06
,,,,,22.0,618.0,GB,1989.0,8.88,2.22,14.87
,,,,,23.0,624.0,NES,1988.0,7.82,2.82,14.17
,,,,,24.0,515.0,X360,2013.0,7.9,4.35,13.43
,,,,,25.0,629.0,PS2,2002.0,6.9,4.5,13.24
,,,,,26.0,760.0,GBA,2002.0,4.97,3.2,13.0
,,,,,27.0,811.0,DS,2010.0,4.57,2.69,12.56
,,,,,28.0,815.0,DS,2005.0,2.82,4.4,12.55
,,,,,29.0,830.0,PS2,2001.0,5.62,4.17,12.28
,,,,,30.0,876.0,X360,2011.0,7.4,3.51,12.1
,,,,,31.0,930.0,GB,1998.0,4.83,4.13,12.0
,,,,,32.0,948.0,X360,2010.0,7.93,3.06,12.0
,,,,,33.0,977.0,3DS,2013.0,4.24,3.32,11.77
,,,,,34.0,978.0,PS4,2015.0,4.73,4.76,11.68
,,,,,35.0,979.0,PS3,2012.0,4.09,4.82,11.5
,,,,,36.0,979.0,X360,2012.0,6.77,3.53,11.26
,,,,,37.0,999.0,X360,2009.0,6.99,2.98,11.08
,,,,,38.0,876.0,PS3,2011.0,4.54,4.77,11.04
,,,,,39.0,1012.0,PS2,2001.0,5.73,3.7,10.74
,,,,,40.0,1031.0,Wii,2008.0,5.54,2.14,10.69
,,,,,41.0,948.0,PS3,2010.0,4.9,3.64,10.44
,,,,,42.0,1175.0,DS,2005.0,2.09,2.89,10.06
,,,,,43.0,1183.0,3DS,2011.0,3.89,3.21,10.01
,,,,,44.0,1212.0,X360,2007.0,6.54,2.32,9.95
,,,,,45.0,515.0,PS4,2014.0,3.12,4.76,9.82
,,,,,46.0,1241.0,DS,2009.0,3.61,2.27,9.76
,,,,,47.0,1307.0,N64,1996.0,5.67,2.34,9.75
,,,,,48.0,1459.0,PS2,2004.0,2.47,0.01,9.56
,,,,,49.0,1463.0,Wii,2007.0,5.05,2.79,9.45
,,,,,50.0,1473.0,3DS,2014.0,3.47,2.76,9.29
,,,,,51.0,1497.0,GB,1992.0,5.05,1.67,9.17
,,,,,52.0,1501.0,X360,2008.0,5.54,2.54,9.04
,,,,,53.0,1506.0,PS,1997.0,3.3,3.17,8.98
,,,,,54.0,1577.0,3DS,2011.0,4.01,2.45,8.85
,,,,,55.0,1581.0,PS3,2010.0,2.43,4.0,8.83
,,,,,56.0,999.0,PS3,2009.0,4.09,3.03,8.77
,,,,,57.0,1501.0,PS3,2008.0,3.9,3.08,8.67
,,,,,58.0,1592.0,SNES,1993.0,4.91,1.76,8.65
,,,,,59.0,1618.0,GBA,2004.0,3.56,2.17,8.6
,,,,,60.0,1307.0,DS,2004.0,4.17,2.55,8.54
,,,,,61.0,1940.0,Wii,2011.0,4.96,2.58,8.41
,,,,,62.0,1945.0,X360,2013.0,5.51,2.16,8.37
,,,,,63.0,1970.0,X360,2010.0,5.76,1.62,8.1
,,,,,64.0,2079.0,N64,1996.0,4.55,1.59,8.09
,,,,,65.0,2114.0,3DS,2012.0,3.0,2.52,8.05
,,,,,66.0,2130.0,X360,2012.0,5.44,1.94,8.0
,,,,,67.0,2139.0,PS,1997.0,2.47,2.03,7.97
,,,,,68.0,1945.0,PS3,2013.0,3.35,3.06,7.86
,,,,,69.0,2162.0,Wii,2010.0,4.79,2.37,7.81
,,,,,70.0,2173.0,PS,1999.0,3.18,2.8,7.78
,,,,,71.0,2253.0,X360,2007.0,4.85,1.95,7.64
,,,,,72.0,2261.0,SNES,1994.0,3.58,1.4,7.63
,,,,,73.0,2285.0,X360,2013.0,4.58,2.32,7.54
,,,,,74.0,2286.0,3DS,2012.0,1.65,1.9,7.45
,,,,,75.0,2296.0,DS,2007.0,3.66,1.54,7.4
,,,,,76.0,2324.0,X360,2011.0,4.12,2.35,7.25
,,,,,77.0,2326.0,SNES,1992.0,2.9,1.02,7.18
,,,,,78.0,2371.0,PS4,2015.0,0.91,4.97,6.96
,,,,,79.0,2387.0,Wii,2010.0,1.47,2.89,6.96
,,,,,80.0,2404.0,XB,2004.0,5.59,1.25,6.96
,,,,,81.0,2457.0,Wii,2007.0,3.12,1.89,6.9
,,,,,82.0,2495.0,DS,2012.0,2.39,1.53,6.83
,,,,,83.0,2518.0,PS3,2012.0,0.87,4.14,6.76
,,,,,84.0,2521.0,PC,2009.0,0.8,5.26,6.65
,,,,,85.0,2793.0,N64,1997.0,4.76,1.65,6.63
,,,,,86.0,2795.0,Wii,2007.0,2.12,3.2,6.61
,,,,,87.0,2807.0,PS2,2001.0,2.39,1.7,6.6
,,,,,88.0,2811.0,PS,1999.0,1.87,1.41,6.45
,,,,,89.0,2814.0,DS,2008.0,2.31,1.46,6.43
,,,,,90.0,2829.0,2600,1982.0,5.97,0.37,6.4
,,,,,91.0,2849.0,PSP,2005.0,2.38,2.32,6.33
,,,,,92.0,2870.0,Wii,2010.0,3.0,1.98,6.31
,,,,,93.0,2874.0,PS4,2015.0,2.4,2.7,6.29
,,,,,94.0,2877.0,PS4,2014.0,2.3,2.71,6.23
,,,,,95.0,3112.0,N64,1998.0,3.36,1.55,6.23
,,,,,96.0,3153.0,PS,1997.0,3.1,1.78,6.22
,,,,,97.0,3158.0,NES,1988.0,4.42,0.97,6.12
,,,,,98.0,3165.0,3DS,2014.0,2.66,1.11,6.11
,,,,,99.0,3267.0,X360,2008.0,3.93,1.56,6.04
,,,,,100.0,3277.0,X360,2011.0,3.66,1.75,6.02
,,,,,101.0,3403.0,Wii,2006.0,3.14,1.8,5.99
,,,,,102.0,978.0,XOne,2015.0,3.71,1.71,5.99
,,,,,103.0,3427.0,Wii,2009.0,2.88,2.48,5.96
,,,,,104.0,3277.0,PS3,2011.0,2.34,2.4,5.93
,,,,,105.0,3436.0,PS2,2003.0,2.68,2.32,5.9
,,,,,106.0,3478.0,PS,1998.0,2.68,1.82,5.87
,,,,,107.0,3498.0,PS,1998.0,3.02,1.44,5.85
,,,,,108.0,3524.0,GC,2001.0,3.62,0.85,5.8
,,,,,109.0,3525.0,WiiU,2014.0,2.57,1.7,5.71
,,,,,110.0,3547.0,PS4,2015.0,2.03,2.58,5.71
,,,,,111.0,3619.0,GC,2003.0,3.38,1.45,5.7
,,,,,112.0,3629.0,Wii,2012.0,3.39,1.81,5.67
,,,,,113.0,3645.0,PS3,2013.0,0.64,3.54,5.66
,,,,,114.0,3657.0,PS2,2004.0,2.22,2.48,5.66
,,,,,115.0,3667.0,PS2,2002.0,2.4,2.26,5.6
,,,,,116.0,3678.0,PS3,2011.0,2.27,2.3,5.6
,,,,,117.0,3711.0,PS,1996.0,2.65,1.93,5.59
,,,,,118.0,3865.0,Wii,2010.0,2.87,2.16,5.58
,,,,,119.0,3878.0,X360,2008.0,3.4,1.57,5.54
,,,,,120.0,3885.0,PS3,2009.0,2.68,1.85,5.52
,,,,,121.0,2253.0,PS3,2007.0,2.54,1.89,5.51
,,,,,122.0,3887.0,PS3,2011.0,0.69,3.54,5.49
,,,,,123.0,3896.0,DS,2005.0,1.37,2.28,5.47
,,,,,124.0,3955.0,PS3,2010.0,2.29,2.14,5.41
,,,,,125.0,3967.0,PS4,2014.0,0.65,3.52,5.4
,,,,,126.0,4047.0,Wii,2010.0,2.67,1.51,5.4
,,,,,127.0,2324.0,PS3,2011.0,2.09,2.22,5.38
,,,,,128.0,4065.0,NES,1986.0,3.07,0.76,5.34
,,,,,129.0,4390.0,PS3,2012.0,2.16,2.1,5.33
,,,,,130.0,4399.0,XB,2001.0,4.08,1.07,5.27
,,,,,131.0,4405.0,GBA,2004.0,2.11,1.3,5.26
,,,,,132.0,4415.0,PS2,2002.0,2.98,0.98,5.25
,,,,,133.0,4452.0,GB,2000.0,2.09,1.28,5.24
,,,,,134.0,4459.0,X360,2009.0,3.56,1.11,5.22
,,,,,135.0,3955.0,X360,2010.0,3.03,1.62,5.2
,,,,,136.0,4470.0,GC,2002.0,3.29,1.03,5.17
,,,,,137.0,4477.0,SNES,1992.0,2.03,0.68,5.17
,,,,,138.0,4491.0,PC,2004.0,0.06,5.09,5.15
,,,,,139.0,4619.0,PS,1999.0,2.55,2.3,5.14
,,,,,140.0,4673.0,X360,2010.0,3.21,1.46,5.12
,,,,,141.0,4692.0,X360,2011.0,3.32,1.33,5.12
,,,,,142.0,4702.0,X360,2006.0,2.9,1.56,5.01
,,,,,143.0,4712.0,PS2,2001.0,2.01,1.65,4.96
,,,,,144.0,5429.0,GEN,1992.0,3.67,0.98,4.94
,,,,,145.0,5430.0,PS3,2008.0,2.16,1.43,4.94
,,,,,146.0,5453.0,PS,1998.0,2.61,1.5,4.94
,,,,,147.0,5493.0,PS3,2013.0,1.98,1.87,4.91
,,,,,148.0,5510.0,PS2,2006.0,1.54,0.0,4.88
,,,,,149.0,5512.0,PS3,2008.0,2.3,1.68,4.85
,,,,,150.0,5726.0,DS,2009.0,0.54,0.57,4.79
,,,,,151.0,5740.0,Wii,2007.0,3.0,1.34,4.78
,,,,,152.0,5758.0,PS,1998.0,1.54,1.21,4.77
,,,,,153.0,6215.0,PS,1996.0,1.85,1.55,4.71
,,,,,154.0,6233.0,DS,2006.0,2.57,1.59,4.69
,,,,,155.0,6271.0,PS4,2014.0,2.04,1.68,4.63
,,,,,156.0,254.0,NES,1988.0,2.44,0.57,4.58
,,,,,157.0,6287.0,PS3,2009.0,2.08,1.6,4.57
,,,,,158.0,6310.0,N64,1999.0,2.42,0.49,4.55
,,,,,159.0,6424.0,X360,2007.0,2.69,1.35,4.55
,,,,,160.0,6431.0,PS3,2011.0,2.21,1.57,4.53
,,,,,161.0,6466.0,X360,2009.0,2.45,1.57,4.52
,,,,,162.0,6471.0,PSP,2008.0,0.39,0.47,4.51
,,,,,163.0,6504.0,GBA,2001.0,2.57,1.02,4.5
,,,,,164.0,6507.0,GBA,2001.0,2.15,1.34,4.49
,,,,,165.0,535.0,GBA,2001.0,2.63,0.91,4.48
,,,,,166.0,6646.0,N64,1999.0,2.61,1.02,4.47
,,,,,167.0,3267.0,PS3,2008.0,2.23,1.53,4.45
,,,,,168.0,6678.0,PS2,2001.0,1.7,1.88,4.44
,,,,,169.0,2285.0,PS3,2014.0,1.62,2.06,4.44
,,,,,170.0,6694.0,PS3,2009.0,1.43,1.02,4.4
,,,,,171.0,6715.0,GB,1989.0,1.79,0.79,4.38
,,,,,172.0,6720.0,GB,1999.0,2.48,0.92,4.35
,,,,,173.0,4390.0,X360,2012.0,2.57,1.4,4.35
,,,,,174.0,6721.0,PS,2000.0,1.33,0.63,4.35
,,,,,175.0,6770.0,PS2,2003.0,1.57,0.89,4.34
,,,,,176.0,6815.0,N64,1999.0,2.73,0.65,4.32
,,,,,177.0,6287.0,X360,2009.0,2.54,1.28,4.32
,,,,,178.0,7042.0,DS,2007.0,1.0,2.03,4.31
,,,,,179.0,7101.0,PS,1997.0,1.89,2.02,4.3
,,,,,180.0,7141.0,PS2,0.0,3.49,0.21,4.29
,,,,,181.0,7143.0,PS2,2004.0,0.53,0.62,4.27
,,,,,182.0,7373.0,PC,2012.0,1.99,1.76,4.26
,,,,,183.0,624.0,GBA,2003.0,2.4,1.03,4.26
,,,,,184.0,7381.0,WiiU,2012.0,1.9,1.07,4.26
,,,,,185.0,7384.0,GB,1994.0,2.04,0.8,4.26
,,,,,186.0,2518.0,X360,2012.0,0.89,2.85,4.25
,,,,,187.0,7532.0,DS,2007.0,1.56,1.5,4.24
,,,,,188.0,7533.0,SNES,1995.0,1.72,0.61,4.22
,,,,,189.0,7573.0,3DS,2013.0,0.79,1.66,4.22
,,,,,190.0,2795.0,DS,2008.0,1.34,2.03,4.21
,,,,,191.0,7600.0,PS2,2003.0,1.62,1.83,4.21
,,,,,192.0,8235.0,GB,1992.0,2.22,0.5,4.21
,,,,,193.0,8275.0,X360,2010.0,2.94,0.91,4.21
,,,,,194.0,2877.0,XOne,2014.0,2.63,1.25,4.21
,,,,,195.0,8923.0,PC,1996.0,2.64,1.39,4.2
,,,,,196.0,8933.0,PS2,2006.0,3.12,0.52,4.2
,,,,,197.0,8962.0,PS3,2009.0,1.61,1.17,4.19
,,,,,198.0,515.0,XOne,2014.0,2.18,1.65,4.17
,,,,,199.0,9064.0,PSP,2006.0,1.39,1.66,4.17
,,,,,200.0,9080.0,PS3,2010.0,0.49,2.7,4.17
,,,,,201.0,123.0,GB,1999.0,2.79,1.07,4.16
,,,,,204.0,3165.0,WiiU,2014.0,2.12,0.87,4.12
,,,,,213.0,5740.0,DS,2007.0,2.37,1.26,4.02
,,,,,216.0,6715.0,NES,1990.0,2.15,0.49,3.98
,,,,,219.0,6424.0,PS3,2007.0,1.57,1.64,3.96
,,,,,220.0,3967.0,PS3,2014.0,0.47,2.57,3.95
,,,,,223.0,6431.0,X360,2011.0,2.45,1.07,3.9
,,,,,237.0,5493.0,PS4,2014.0,1.46,1.53,3.73
,,,,,245.0,2877.0,PS3,2014.0,1.26,1.59,3.65
,,,,,257.0,3645.0,X360,2013.0,0.75,2.4,3.53
,,,,,258.0,2877.0,X360,2014.0,2.26,0.97,3.53
,,,,,269.0,3112.0,3DS,2011.0,1.66,1.04,3.45
,,,,,276.0,3887.0,X360,2011.0,0.69,2.29,3.44
,,,,,288.0,3547.0,XOne,2015.0,2.01,1.03,3.35
,,,,,298.0,2285.0,PS4,2014.0,1.13,1.53,3.3
,,,,,311.0,2324.0,PC,2011.0,0.94,1.71,3.18
,,,,,350.0,1945.0,PS4,2013.0,1.46,1.16,2.98
,,,,,361.0,2849.0,PS2,2006.0,1.28,1.15,2.9
,,,,,367.0,9080.0,X360,2010.0,0.58,1.97,2.89
,,,,,372.0,8962.0,X360,2009.0,1.73,0.77,2.88
,,,,,379.0,2874.0,XOne,2015.0,1.59,1.0,2.86
,,,,,411.0,6271.0,XOne,2014.0,1.75,0.75,2.69
,,,,,417.0,2371.0,XOne,2015.0,0.72,1.73,2.65
,,,,,450.0,3967.0,X360,2014.0,0.64,1.66,2.55
,,,,,494.0,3645.0,PS4,2013.0,0.5,1.52,2.38
,,,,,506.0,1945.0,XOne,2013.0,1.53,0.63,2.35
,,,,,514.0,2371.0,PS3,2015.0,0.33,1.62,2.34
,,,,,534.0,3277.0,PC,2011.0,0.73,1.17,2.29
,,,,,576.0,5740.0,X360,2007.0,1.25,0.71,2.16
,,,,,593.0,5512.0,PSP,2009.0,0.52,1.02,2.12
,,,,,644.0,2285.0,XOne,2014.0,1.17,0.62,1.98
,,,,,652.0,3865.0,X360,2010.0,1.43,0.39,1.96
,,,,,659.0,5740.0,PS3,2007.0,0.84,0.8,1.95
,,,,,681.0,2521.0,X360,2010.0,1.04,0.71,1.91
,,,,,696.0,7101.0,PC,1997.0,0.75,1.03,1.88
,,,,,698.0,3657.0,XB,2004.0,1.13,0.66,1.87
,,,,,715.0,2285.0,PSV,2014.0,0.23,0.65,1.85
,,,,,737.0,8933.0,X360,2007.0,1.65,0.02,1.8
,,,,,746.0,2261.0,GB,2000.0,0.85,0.59,1.8
,,,,,754.0,6694.0,X360,2010.0,1.04,0.56,1.78
,,,,,762.0,3967.0,XOne,2014.0,0.49,1.16,1.76
,,,,,816.0,2521.0,PS3,2010.0,0.6,0.8,1.69
,,,,,828.0,7373.0,PS3,2013.0,0.58,0.68,1.68
,,,,,836.0,2261.0,GBA,2003.0,0.98,0.39,1.67
,,,,,840.0,1940.0,X360,2011.0,1.21,0.33,1.66
,,,,,863.0,3267.0,Wii,2008.0,0.98,0.48,1.62
,,,,,873.0,6271.0,X360,2014.0,1.07,0.4,1.6
,,,,,875.0,518.0,XB,2005.0,1.03,0.5,1.6
,,,,,924.0,4047.0,3DS,2013.0,0.6,0.51,1.53
,,,,,969.0,978.0,PS3,2015.0,0.4,0.79,1.47
,,,,,1001.0,978.0,X360,2015.0,0.91,0.39,1.44
,,,,,1006.0,4415.0,PS3,2013.0,0.74,0.3,1.44
,,,,,1024.0,7373.0,PS4,2014.0,0.4,0.72,1.43
,,,,,1026.0,6271.0,PS3,2014.0,0.55,0.54,1.42
,,,,,1039.0,876.0,PC,2011.0,0.34,0.8,1.41
,,,,,1047.0,3436.0,XB,2003.0,0.89,0.45,1.4
,,,,,1065.0,2371.0,X360,2015.0,0.45,0.83,1.39
,,,,,1128.0,948.0,PC,0.0,0.48,0.66,1.34
,,,,,1162.0,3403.0,GC,2006.0,0.94,0.3,1.3
,,,,,1219.0,979.0,PC,2012.0,0.52,0.57,1.25
,,,,,1270.0,3667.0,XB,2002.0,0.82,0.35,1.22
,,,,,1276.0,2521.0,Wii,2010.0,0.5,0.6,1.22
,,,,,1318.0,7373.0,X360,2013.0,0.73,0.36,1.19
,,,,,1381.0,948.0,Wii,2010.0,0.67,0.39,1.15
,,,,,1616.0,6678.0,XB,2002.0,0.48,0.47,1.01
,,,,,1632.0,3547.0,PC,2015.0,0.41,0.52,1.01
,,,,,1640.0,2829.0,NES,1984.0,0.22,0.07,1.0
,,,,,1656.0,9080.0,PSP,2010.0,0.11,0.57,0.99
,,,,,1663.0,3436.0,GC,2003.0,0.57,0.39,0.99
,,,,,1700.0,3645.0,XOne,2013.0,0.34,0.54,0.98
,,,,,1705.0,3629.0,X360,2012.0,0.74,0.16,0.98
,,,,,1735.0,7600.0,XB,2003.0,0.62,0.3,0.96
,,,,,1771.0,2253.0,PC,2007.0,0.0,0.92,0.94
,,,,,1802.0,3657.0,GC,2004.0,0.57,0.32,0.93
,,,,,1883.0,7141.0,XB,2003.0,0.84,0.02,0.89
,,,,,1898.0,515.0,PC,2015.0,0.3,0.52,0.89
,,,,,1905.0,9080.0,Wii,2010.0,0.21,0.57,0.89
,,,,,1946.0,2253.0,DS,2007.0,0.79,0.02,0.87
,,,,,2122.0,518.0,PC,2005.0,0.0,0.75,0.8
,,,,,2140.0,9064.0,PS2,2007.0,0.64,0.02,0.8
,,,,,2204.0,4390.0,PC,2012.0,0.23,0.43,0.77
,,,,,2262.0,6424.0,PC,2008.0,0.01,0.68,0.75
,,,,,2290.0,3267.0,DS,2008.0,0.47,0.21,0.75
,,,,,2349.0,999.0,PC,2009.0,0.01,0.65,0.73
,,,,,2352.0,876.0,Wii,2011.0,0.49,0.17,0.73
,,,,,2359.0,1501.0,PC,2008.0,0.01,0.65,0.72
,,,,,2419.0,7143.0,3DS,2015.0,0.0,0.0,0.71
,,,,,2477.0,3967.0,PSV,2014.0,0.11,0.39,0.69
,,,,,2621.0,3887.0,Wii,2011.0,0.13,0.43,0.65
,,,,,2692.0,2521.0,3DS,2011.0,0.25,0.3,0.62
,,,,,2711.0,9080.0,PS2,2010.0,0.09,0.24,0.62
,,,,,2718.0,3967.0,Wii,2014.0,0.2,0.38,0.62
,,,,,2799.0,1945.0,PC,2013.0,0.19,0.34,0.6
,,,,,2830.0,2518.0,Wii,2012.0,0.16,0.38,0.59
,,,,,2856.0,9080.0,DS,2010.0,0.11,0.41,0.59
,,,,,2921.0,2521.0,DS,2010.0,0.32,0.21,0.57
,,,,,3138.0,7373.0,XOne,2014.0,0.29,0.2,0.52
,,,,,3212.0,1940.0,PS3,2011.0,0.27,0.17,0.52
,,,,,3213.0,948.0,DS,2010.0,0.44,0.04,0.52
,,,,,3395.0,3667.0,GC,2002.0,0.38,0.1,0.48
,,,,,3409.0,6678.0,GC,2002.0,0.38,0.1,0.48
,,,,,3433.0,3865.0,PS3,2010.0,0.23,0.17,0.48
,,,,,3528.0,6287.0,PC,2010.0,0.01,0.37,0.47
,,,,,3592.0,5758.0,N64,1999.0,0.32,0.07,0.46
,,,,,3757.0,2874.0,PC,2015.0,0.11,0.3,0.44
,,,,,3789.0,3887.0,PSP,2011.0,0.1,0.21,0.43
,,,,,3791.0,6431.0,PC,2011.0,0.13,0.23,0.43
,,,,,3898.0,7141.0,GC,2003.0,0.33,0.08,0.42
,,,,,3990.0,3645.0,PSV,2013.0,0.09,0.21,0.41
,,,,,4120.0,2518.0,WiiU,2012.0,0.15,0.21,0.39
,,,,,4180.0,2518.0,PSV,2012.0,0.0,0.25,0.39
,,,,,4203.0,3887.0,PC,2011.0,0.03,0.27,0.39
,,,,,4370.0,3967.0,3DS,2014.0,0.07,0.27,0.37
,,,,,4475.0,3629.0,PS3,2012.0,0.21,0.1,0.36
,,,,,4500.0,3657.0,GBA,2004.0,0.25,0.1,0.35
,,,,,4505.0,3645.0,PC,2013.0,0.01,0.3,0.35
,,,,,4515.0,2285.0,WiiU,2016.0,0.15,0.07,0.35
,,,,,4540.0,3645.0,Wii,2013.0,0.0,0.31,0.35
,,,,,4556.0,979.0,WiiU,2012.0,0.17,0.15,0.35
,,,,,4580.0,7600.0,GC,2003.0,0.27,0.07,0.34
,,,,,4742.0,2877.0,PC,2014.0,0.11,0.19,0.34
,,,,,4775.0,2518.0,PC,2012.0,0.02,0.25,0.34
,,,,,4906.0,3887.0,3DS,2011.0,0.07,0.21,0.32
,,,,,4945.0,3629.0,WiiU,2012.0,0.18,0.11,0.32
,,,,,4995.0,6431.0,WiiU,2012.0,0.14,0.15,0.31
,,,,,5131.0,2518.0,PSP,2012.0,0.04,0.16,0.3
,,,,,5201.0,4390.0,WiiU,2012.0,0.16,0.11,0.3
,,,,,5220.0,1945.0,WiiU,2013.0,0.19,0.07,0.3
,,,,,5700.0,8275.0,PC,2011.0,0.07,0.14,0.26
,,,,,5714.0,7141.0,GBA,2003.0,0.18,0.07,0.25
,,,,,5913.0,3967.0,PC,2014.0,0.0,0.22,0.25
,,,,,5970.0,3436.0,GBA,2003.0,0.17,0.07,0.24
,,,,,6022.0,2518.0,3DS,2012.0,0.05,0.16,0.24
,,,,,6663.0,3645.0,3DS,2013.0,0.0,0.19,0.21
,,,,,7036.0,3645.0,PSP,2013.0,0.0,0.13,0.19
,,,,,7052.0,978.0,PC,2015.0,0.0,0.18,0.19
,,,,,7951.0,3267.0,PC,2008.0,0.02,0.11,0.16
,,,,,8096.0,9080.0,PC,2010.0,0.0,0.11,0.15
,,,,,8136.0,2371.0,PC,2015.0,0.03,0.11,0.15
,,,,,9254.0,3657.0,DS,2005.0,0.09,0.02,0.11
,,,,,9829.0,518.0,X360,2008.0,0.07,0.02,0.1
,,,,,10818.0,2404.0,PC,2007.0,0.01,0.05,0.08
,,,,,11226.0,3887.0,PS2,2011.0,0.0,0.02,0.07
,,,,,11666.0,3657.0,PC,2004.0,0.0,0.05,0.07
,,,,,11950.0,5453.0,GB,2000.0,0.0,0.0,0.06
,,,,,12096.0,8962.0,PC,2009.0,0.01,0.03,0.06
,,,,,12676.0,5758.0,GC,2003.0,0.03,0.01,0.05
,,,,,13227.0,3436.0,PC,2003.0,0.0,0.03,0.04
,,,,,13734.0,629.0,PC,2003.0,0.0,0.02,0.03
,,,,,13886.0,4399.0,PC,2003.0,0.01,0.02,0.03
,,,,,15784.0,4702.0,PC,2007.0,0.0,0.01,0.02
,,,,,16096.0,1012.0,PC,2002.0,0.0,0.01,0.01
